time,open,high,low,close,Bullish Entry,Bearish Entry,CVD
1770881940,6982.25,6982.75,6982,6982.25,0,0,2747
1770882000,6982,6982.25,6981.25,6981.5,0,0,2657
1770882060,6981.5,6982.25,6981.5,6982,0,0,2743
1770882120,6982.25,6982.75,6981.75,6982,0,0,2488
1770882180,6981.75,6982.25,6981.5,6981.5,0,0,2316
1770882240,6981.25,6981.25,6980.5,6980.75,0,0,2197
1770882300,6980.75,6981.5,6980.5,6980.5,0,0,2130
1770882360,6980.5,6980.75,6980,6980,0,0,1997
1770882420,6980,6980.5,6979.5,6980.25,0,0,2059
1770882480,6980.25,6980.5,6980.25,6980.25,0,0,2107
1770882540,6980.25,6981.5,6980,6981.5,0,0,2252
1770882600,6981.5,6981.5,6980.75,6981,0,0,2174
1770882660,6981,6981,6980.75,6981,0,0,2070
1770882720,6980.75,6981,6980.25,6980.25,0,0,1990
1770882780,6980,6980.25,6980,6980.25,0,0,2061
1770882840,6980.5,6981,6980.5,6980.75,0,0,2096
1770882900,6980.5,6981,6980.25,6980.75,0,0,2208
1770882960,6981,6982,6981,6982,0,0,2315
1770883020,6982,6982.25,6981.25,6982,0,0,2395
1770883080,6981.75,6982.25,6981.25,6981.5,0,0,2309
1770883140,6981.5,6982,6981.25,6981.75,0,0,2391
1770883200,6981.75,6984.75,6981.75,6983.25,0,0,3213
1770883260,6983,6983.75,6982,6983.5,0,0,3546
1770883320,6983.5,6983.75,6982,6982.5,0,0,3297
1770883380,6982.5,6983.5,6981.75,6983,0,0,3508
1770883440,6983.25,6983.5,6982.75,6983.25,0,0,3684
1770883500,6983,6983.25,6981.25,6981.5,0,0,3438
1770883560,6981.5,6981.75,6981,6981.25,0,0,3264
1770883620,6981.5,6984,6981,6984,0,0,3651
1770883680,6984,6985,6982.5,6984.5,0,0,4194
1770883740,6984.25,6984.75,6983,6983.5,0,0,4039
1770883800,6983.5,6984.5,6983,6983,0,0,3827
1770883860,6983,6983,6981,6982,0,0,3607
1770883920,6982.25,6982.25,6980.25,6980.25,0,0,3357
1770883980,6980.25,6980.25,6979,6979.75,0,0,3052
1770884040,6979.75,6981.25,6979.75,6981.25,0,0,3209
1770884100,6981,6983.25,6980.75,6982,0,0,3409
1770884160,6982,6982.25,6981,6981.75,0,0,3288
1770884220,6982.25,6982.5,6981.75,6981.75,0,0,3212
1770884280,6981.75,6982.25,6981.5,6981.75,0,0,3000
1770884340,6981.75,6982.75,6981.75,6982,0,0,3136
1770884400,6982,6982.5,6980,6980,0,0,2974
1770884460,6980.5,6980.75,6979.25,6979.75,0,0,2711
1770884520,6979.75,6980.5,6979.25,6980,0,0,2908
1770884580,6979.75,6980,6979.5,6980,0,0,3001
1770884640,6979.75,6980,6979.25,6979.25,0,0,2877
1770884700,6979.25,6979.5,6978.5,6979,0,0,2696
1770884760,6979,6981,6978.5,6980.5,0,0,2932
1770884820,6980.75,6981.25,6979,6979,0,0,2669
1770884880,6978.75,6979,6978,6978.5,0,0,2510
1770884940,6978.5,6979.5,6978.25,6979,0,0,2661
1770885000,6979,6980.25,6978.75,6979.5,0,0,2889
1770885060,6979.25,6979.25,6977.25,6977.25,0,0,2657
1770885120,6977.25,6977.25,6975.75,6976.5,0,0,2378
1770885180,6976.5,6977.5,6976,6976.5,0,0,2184
1770885240,6976.25,6976.75,6975.5,6976.25,0,0,2019
1770885300,6976.25,6977.5,6976.25,6977.25,0,0,2251
1770885360,6977.25,6977.5,6976,6976.5,0,0,2042
1770885420,6976.75,6977.25,6975.25,6975.75,0,0,1794
1770885480,6976,6976.75,6975.75,6976,0,0,1890
1770885540,6976,6976.25,6974.75,6975.25,0,0,1724
1770885600,6975.25,6977,6975,6976.5,0,0,1817
1770885660,6977,6977.25,6976.25,6977,0,0,1884
1770885720,6977,6977.75,6976.5,6977.5,0,0,1968
1770885780,6977.5,6977.5,6976.75,6976.75,0,0,1875
1770885840,6977,6977.5,6976.5,6976.75,0,0,1790
1770885900,6976.5,6978,6976,6977.75,0,0,1907
1770885960,6977.75,6977.75,6976.5,6977,0,0,1826
1770886020,6977,6978.5,6976.5,6978.25,0,0,1924
1770886080,6978.25,6978.75,6977.5,6977.5,0,0,1840
1770886140,6977.5,6977.75,6977.25,6977.5,0,0,1766
1770886200,6977.25,6977.5,6977.25,6977.5,0,0,1823
1770886260,6977.5,6977.75,6977,6977.25,0,0,1754
1770886320,6977.25,6978.75,6977.25,6978.5,0,0,1822
1770886380,6978.5,6980.25,6978.5,6980.25,0,0,1908
1770886440,6980.25,6980.5,6979,6979.75,0,0,1770
1770886500,6979.75,6980.75,6979.75,6980,0,0,1886
1770886560,6980,6981.5,6979.75,6981.25,0,0,1955
1770886620,6981,6983,6981,6983,0,0,2155
1770886680,6982.75,6983.5,6982.75,6983,0,0,2332
1770886740,6983,6983,6981.5,6981.75,0,0,2136
1770886800,6981.5,6982.25,6980.5,6981.75,0,0,2453
1770886860,6981.75,6983.5,6981.75,6982,0,0,2635
1770886920,6982.25,6982.5,6981.25,6981.75,0,0,2502
1770886980,6981.75,6983,6981.75,6982.5,0,0,2654
1770887040,6982.5,6983.5,6982.25,6982.5,0,0,2793
1770887100,6982.75,6983,6981.5,6981.5,0,0,2686
1770887160,6981.5,6982.25,6981,6981.5,0,0,2530
1770887220,6981.75,6982.75,6981.75,6982.25,0,0,2617
1770887280,6982.5,6982.75,6982,6982.25,0,0,2535
1770887340,6982.5,6982.75,6982.25,6982.5,0,0,2606
1770887400,6983,6984.5,6982.75,6984.5,0,0,2814
1770887460,6984.75,6985,6983,6983.5,0,0,2641
1770887520,6983.5,6984,6982.75,6983.25,0,0,2553
1770887580,6982.75,6983.25,6982.5,6983.25,0,0,2659
1770887640,6983.5,6983.75,6983,6983.5,0,0,2728
1770887700,6983.75,6984.5,6983.25,6983.5,0,0,2580
1770887760,6983.25,6984,6983.25,6983.75,0,0,2660
1770887820,6983.5,6984.5,6983.25,6984.25,0,0,2892
1770887880,6984.25,6985.75,6983.25,6983.25,0,0,2446
1770887940,6983,6983.5,6982.25,6982.75,0,0,2314
1770888000,6982.75,6982.75,6982.25,6982.5,0,0,2226
1770888060,6982.75,6983.5,6982.25,6983.5,0,0,2323
1770888120,6983.5,6983.75,6981.75,6982.25,0,0,2037
1770888180,6982.25,6983,6982.25,6982.5,0,0,2126
1770888240,6982.5,6982.75,6982,6982.75,0,0,2218
1770888300,6982.75,6982.75,6982,6982.75,0,0,2286
1770888360,6982.75,6983.5,6982.75,6983.5,0,0,2365
1770888420,6983.5,6984,6983.25,6983.25,0,0,2256
1770888480,6983.25,6983.25,6982.5,6982.5,0,0,2177
1770888540,6982.75,6983.25,6982.25,6982.25,0,0,2089
1770888600,6982.25,6982.5,6980.75,6981.5,0,0,1786
1770888660,6981.75,6982.5,6981.5,6982.25,0,0,1873
1770888720,6982.5,6983,6982.25,6982.75,0,0,1959
1770888780,6983,6983.75,6982.5,6982.75,0,0,1870
1770888840,6982.75,6983.25,6982.5,6983.25,0,0,1935
1770888900,6983,6983,6982.75,6982.75,0,0,1884
1770888960,6983,6983.25,6982.75,6983.25,0,0,1932
1770889020,6983,6983.75,6982.75,6983.5,0,0,2000
1770889080,6983.5,6985,6983.5,6983.75,0,0,2134
1770889140,6983.75,6984,6982.5,6982.75,0,0,2039
1770889200,6983,6983.25,6982.75,6983.25,0,0,2102
1770889260,6983.25,6983.25,6982.25,6982.5,0,0,1984
1770889320,6982.5,6982.75,6982,6982.75,0,0,2069
1770889380,6982.5,6982.75,6982.5,6982.5,0,0,1983
1770889440,6982.5,6982.5,6981.75,6981.75,0,0,1874
1770889500,6981.75,6982.25,6981.25,6981.5,0,0,1615
1770889560,6981.5,6981.5,6979.5,6979.75,0,0,1350
1770889620,6979.75,6980.5,6979,6980,0,0,1665
1770889680,6980,6980.75,6979.5,6980.5,0,0,1806
1770889740,6980.5,6981,6980.25,6980.75,0,0,1858
1770889800,6980.75,6981.5,6980.75,6981.5,0,0,1944
1770889860,6981.5,6982.25,6981.25,6981.75,0,0,2010
1770889920,6981.5,6982.25,6981.25,6981.75,0,0,2081
1770889980,6982,6982.25,6981.75,6982,0,0,2157
1770890040,6982,6983.25,6982,6983,0,0,2353
1770890100,6982.75,6982.75,6982,6982.25,0,0,2273
1770890160,6982.25,6982.5,6981.75,6982.25,0,0,2184
1770890220,6982.25,6982.75,6982.25,6982.5,0,0,2298
1770890280,6982.75,6983.5,6982.75,6983.25,0,0,2484
1770890340,6983.25,6984,6983,6983.5,0,0,3096
1770890400,6983.5,6983.75,6982.25,6982.75,0,0,2908
1770890460,6983,6984.25,6983,6983.5,0,0,3094
1770890520,6983.75,6984.25,6983.5,6984.25,0,0,3222
1770890580,6984.5,6985,6984.5,6985,0,0,3350
1770890640,6984.75,6986.25,6984.75,6985.25,0,0,4200
1770890700,6985.25,6985.5,6984.5,6984.5,0,0,4104
1770890760,6984.25,6984.75,6984.25,6984.75,0,0,4193
1770890820,6984.75,6985.25,6984.5,6984.75,0,0,4383
1770890880,6984.75,6984.75,6983.75,6983.75,0,0,4220
1770890940,6983.5,6984,6983.25,6983.25,0,0,4120
1770891000,6983.5,6983.5,6982,6982,0,0,3954
1770891060,6981.75,6981.75,6980.5,6980.5,0,0,3668
1770891120,6980.75,6980.75,6978.75,6979,0,0,3420
1770891180,6979.25,6980,6978.75,6979.5,0,0,3545
1770891240,6979.5,6979.75,6978.5,6979,0,0,3379
1770891300,6978.75,6979,6978,6978.25,1,0,3222
1770891360,6978.75,6979.75,6978.75,6979,0,0,3369
1770891420,6979,6980,6979,6979.75,0,0,3514
1770891480,6979.75,6980.5,6979.75,6980.25,0,0,3604
1770891540,6980.25,6980.5,6979.75,6979.75,0,0,3543
1770891600,6979.5,6979.5,6978.25,6978.25,0,0,3446
1770891660,6978.25,6978.25,6977.5,6977.75,0,0,3252
1770891720,6977.75,6978.25,6977.5,6978,0,0,3379
1770891780,6978,6978.5,6977,6977.25,0,0,3110
1770891840,6977.25,6977.5,6976.25,6976.25,0,0,2922
1770891900,6976.25,6977.5,6976.25,6977.5,0,0,3019
1770891960,6977.25,6977.75,6977.25,6977.25,0,0,2853
1770892020,6977,6977,6976.5,6976.5,0,0,2783
1770892080,6976.25,6978,6976.25,6977.75,0,0,2983
1770892140,6977.5,6978.5,6977.5,6977.75,0,0,3094
1770892200,6977.75,6979.5,6977.75,6979,0,0,3247
1770892260,6979.25,6979.25,6979,6979,0,0,3206
1770892320,6979,6979.25,6978.25,6978.5,0,0,3125
1770892380,6978.75,6979.25,6978.5,6979,0,0,3241
1770892440,6979,6979.25,6978.5,6979,0,0,3312
1770892500,6979.25,6979.25,6978,6978,0,0,3148
1770892560,6978,6978.5,6978,6978.25,0,0,3229
1770892620,6978.25,6978.25,6977.5,6977.5,0,0,3111
1770892680,6977.75,6978,6977.75,6978,0,0,3177
1770892740,6978,6978.75,6977.75,6978.75,0,0,3271
1770892800,6978.75,6979.75,6978.25,6979.75,0,0,3429
1770892860,6979.5,6980,6979.25,6980,0,0,3529
1770892920,6980.25,6980.25,6979.75,6979.75,0,0,3487
1770892980,6979.75,6979.75,6978.75,6978.75,0,0,3392
1770893040,6978.75,6979.25,6978.25,6978.25,0,0,3301
1770893100,6978.75,6979.25,6978.75,6979.25,0,0,3371
1770893160,6979.25,6979.25,6978.75,6979.25,0,0,3469
1770893220,6979,6979,6978,6978.75,0,0,3329
1770893280,6978.75,6978.75,6978.25,6978.5,0,0,3274
1770893340,6978.5,6978.5,6977.5,6978,0,0,3136
1770893400,6978,6978.5,6977.75,6978.5,0,0,3194
1770893460,6978.5,6979,6978.5,6979,0,0,3245
1770893520,6979,6979.25,6978.5,6979,0,0,3343
1770893580,6978.75,6979,6978.75,6978.75,0,0,3300
1770893640,6978.75,6978.75,6978,6978.5,0,0,3256
1770893700,6978.5,6978.75,6978.5,6978.5,0,0,3182
1770893760,6978.5,6979.25,6978.5,6978.75,0,0,3252
1770893820,6978.75,6979,6978.75,6979,0,0,3316
1770893880,6978.75,6979.25,6978.5,6979,0,0,3372
1770893940,6978.75,6979.5,6978.75,6979.5,0,0,3445
1770894000,6979.5,6980.75,6978.75,6979.75,0,0,4025
1770894060,6979.75,6980.5,6979.5,6979.75,0,0,4108
1770894120,6979.75,6980.5,6979,6980.5,0,0,4303
1770894180,6980.5,6981.25,6980.25,6980.25,0,0,4134
1770894240,6980,6980.5,6978.75,6979.5,0,0,3887
1770894300,6979.5,6980.75,6979.5,6980.25,0,0,3986
1770894360,6980,6980.25,6979.75,6980,0,0,3906
1770894420,6980.25,6980.75,6979.75,6980,0,0,3826
1770894480,6980,6980.25,6979,6980.25,0,0,3937
1770894540,6980.5,6981.25,6980.5,6981.25,0,0,4013
1770894600,6981.25,6981.5,6980.5,6981.25,0,0,4105
1770894660,6981.5,6981.75,6981.25,6981.5,0,0,4267
1770894720,6981.5,6981.5,6981.25,6981.5,0,0,4302
1770894780,6981.5,6982.75,6981.5,6982.75,0,0,4445
1770894840,6982.75,6983,6982,6982,0,0,4290
1770894900,6982,6982.25,6981.5,6982.25,0,0,4392
1770894960,6982.25,6982.25,6981.75,6982.25,0,0,4438
1770895020,6982.25,6983,6982.25,6982.5,0,0,4512
1770895080,6982.75,6983.25,6982.25,6982.25,0,0,4443
1770895140,6982.5,6982.75,6982.5,6982.75,0,0,4522
1770895200,6982.5,6983.25,6982.5,6983,0,0,4615
1770895260,6982.75,6983.25,6982.25,6982.25,0,0,4541
1770895320,6982.25,6982.5,6981.25,6981.25,0,0,4461
1770895380,6981.25,6982,6980.75,6981.75,0,0,4581
1770895440,6981.75,6982,6981.75,6981.75,0,0,4612
1770895500,6981.75,6982.25,6981.5,6982.25,0,0,4691
1770895560,6982.25,6982.25,6981.75,6981.75,0,0,4637
1770895620,6981.75,6982.75,6981.75,6982.75,0,0,4670
1770895680,6983,6984,6982.75,6984,0,0,4797
1770895740,6984.25,6984.25,6983.75,6983.75,0,0,4699
1770895800,6983.5,6984,6983.25,6983.75,0,0,4758
1770895860,6983.75,6984,6983,6983,0,0,4673
1770895920,6983.25,6983.25,6982.75,6982.75,0,0,4622
1770895980,6982.75,6983,6982.25,6982.25,0,0,4546
1770896040,6982.25,6982.5,6982,6982.25,0,0,4465
1770896100,6982,6982,6981.5,6981.75,0,0,4353
1770896160,6981.5,6981.75,6981,6981.25,0,0,4260
1770896220,6981.25,6981.75,6980.75,6981,0,0,4138
1770896280,6981,6981,6980.5,6981,0,0,4078
1770896340,6981,6981,6979.75,6980,0,0,3951
1770896400,6980.25,6980.25,6979.5,6979.75,0,0,3866
1770896460,6979.5,6979.75,6979,6979.5,0,0,3770
1770896520,6979.25,6979.75,6979.25,6979.75,0,0,3847
1770896580,6979.5,6980,6979,6979.5,0,0,3657
1770896640,6979.5,6979.5,6979.25,6979.5,0,0,3608
1770896700,6979.5,6980,6979.25,6980,0,0,3668
1770896760,6980,6980,6979.75,6980,0,0,3703
1770896820,6980,6980.75,6980,6980.75,0,0,3819
1770896880,6980.75,6981,6980.75,6981,0,0,3867
1770896940,6981,6981.5,6980.75,6981.5,0,0,3983
1770897000,6981.5,6983,6981.5,6981.75,0,0,4202
1770897060,6981.5,6982,6981.25,6982,0,0,4281
1770897120,6981.75,6982,6981.75,6982,0,0,4314
1770897180,6982,6982.75,6982,6982.5,0,0,4414
1770897240,6982.25,6983,6982.25,6982.5,0,0,4513
1770897300,6982.5,6982.5,6981.75,6982.25,0,0,4348
1770897360,6982.5,6983.5,6982,6983,0,0,4600
1770897420,6983.25,6983.5,6983,6983.5,0,0,4727
1770897480,6983.5,6984,6983.5,6983.75,0,0,4905
1770897540,6983.5,6984,6983.25,6983.5,0,0,4735
1770897600,6983.25,6983.5,6982.5,6982.75,0,0,4249
1770897660,6982.75,6983,6982,6982,0,0,4092
1770897720,6982.25,6982.25,6981.5,6981.75,0,0,3916
1770897780,6981.75,6981.75,6980.75,6981,0,0,3780
1770897840,6980.75,6981,6980,6980.5,0,0,3621
1770897900,6980.25,6981,6980.25,6980.75,0,0,3763
1770897960,6980.75,6981.25,6980.5,6980.5,0,0,3624
1770898020,6980.5,6980.5,6979.5,6979.5,0,0,3517
1770898080,6979.75,6981,6979.75,6980.75,0,0,3635
1770898140,6981,6981.75,6980.5,6981,0,0,3805
1770898200,6981,6981.5,6980.5,6980.5,0,0,3701
1770898260,6980.5,6980.75,6978.75,6980,0,0,3321
1770898320,6980,6980,6979.5,6980,0,0,3262
1770898380,6980,6980.75,6979.5,6980.25,0,0,3361
1770898440,6980.25,6982,6980.25,6981.5,0,0,3519
1770898500,6981.5,6981.5,6980.25,6980.25,0,0,3448
1770898560,6980.5,6982,6980.5,6981.5,0,0,3627
1770898620,6981.5,6982,6981.5,6981.5,0,0,3674
1770898680,6981.25,6981.75,6981,6981.75,0,0,3751
1770898740,6981.75,6982,6981.5,6981.75,0,0,3795
1770898800,6982,6982.5,6981.75,6982.25,0,0,3868
1770898860,6982.25,6982.5,6981.5,6981.5,0,0,3776
1770898920,6981.75,6982.25,6981.75,6982.25,0,0,3849
1770898980,6982.25,6982.5,6982,6982.25,0,0,3901
1770899040,6982.5,6983,6982.5,6982.5,0,0,4014
1770899100,6982.5,6982.5,6981.75,6981.75,0,0,3898
1770899160,6981.75,6982.25,6981,6981.75,0,0,3757
1770899220,6981.75,6982.25,6981.75,6981.75,0,0,3662
1770899280,6981.75,6982.75,6981.75,6982.5,0,0,3773
1770899340,6982.5,6983.25,6982.5,6983,0,0,3874
1770899400,6983,6983.75,6982.75,6983.5,0,0,4065
1770899460,6983.5,6984.5,6983.25,6984.5,0,0,4230
1770899520,6984.5,6985,6983.25,6983.25,0,0,3963
1770899580,6983.5,6983.5,6982.5,6982.5,0,0,3677
1770899640,6982.75,6984.25,6982.75,6984.25,0,0,3867
1770899700,6984,6984.25,6983.25,6983.75,0,0,3732
1770899760,6983.5,6984,6983.25,6983.75,0,0,3885
1770899820,6983.75,6983.75,6983.25,6983.5,0,0,3791
1770899880,6983.75,6985,6983.75,6985,0,0,3961
1770899940,6985,6985,6984.25,6984.5,0,0,3845
1770900000,6984.5,6986,6984,6985.5,0,0,4119
1770900060,6985.75,6986.75,6985.75,6986.75,0,0,4310
1770900120,6986.75,6986.75,6985.5,6986,0,0,4053
1770900180,6986,6986,6984.25,6984.75,0,0,3819
1770900240,6984.75,6984.75,6982.75,6983.25,0,0,3614
1770900300,6983.25,6983.25,6982.25,6982.75,0,0,3382
1770900360,6982.5,6983,6981.75,6982.75,0,0,3614
1770900420,6983,6983.25,6982.5,6983,0,0,3816
1770900480,6983,6983,6982.5,6982.75,0,0,3678
1770900540,6982.75,6983.5,6982.5,6983.5,0,0,3864
1770900600,6983.25,6983.75,6983.25,6983.5,0,0,4051
1770900660,6983.5,6984.25,6983,6983,0,0,3849
1770900720,6983,6983,6981.25,6982,0,0,3553
1770900780,6982,6982,6980.75,6980.75,0,0,3376
1770900840,6980.75,6980.75,6979.5,6980.75,0,0,3116
1770900900,6980.5,6981.75,6980.5,6981.25,0,0,3270
1770900960,6981.5,6981.75,6980.5,6980.5,0,0,3146
1770901020,6980.5,6980.5,6979.5,6979.75,0,0,2975
1770901080,6979.5,6980.5,6979.5,6980.25,0,0,3129
1770901140,6980.5,6980.75,6980,6980,0,0,3006
1770901200,6980,6980.25,6979,6979,0,0,2735
1770901260,6979.25,6979.5,6978.25,6979,0,0,2477
1770901320,6979,6979,6977.75,6977.75,0,0,2165
1770901380,6978,6978.25,6977.25,6977.75,0,0,1850
1770901440,6977.75,6977.75,6976.75,6976.75,0,0,1447
1770901500,6976.75,6977.75,6976.75,6977.5,0,0,1730
1770901560,6977.75,6978.25,6977.25,6977.5,0,0,1611
1770901620,6977.5,6977.75,6977.25,6977.25,0,0,1481
1770901680,6977,6977.25,6975.5,6976.25,0,0,1075
1770901740,6976.5,6978.25,6976.25,6978,0,0,1266
1770901800,6977.75,6978.25,6977.25,6977.5,0,0,1123
1770901860,6977.5,6977.75,6977,6977,0,0,1006
1770901920,6977.25,6977.75,6977,6977,0,0,854
1770901980,6977.25,6977.25,6975.5,6975.75,0,0,581
1770902040,6975.75,6976,6974.5,6974.5,0,0,109
1770902100,6974.5,6975,6973.5,6974,0,0,-475
1770902160,6973.75,6975.25,6973.5,6975,0,0,-206
1770902220,6975,6975.5,6974.75,6975.5,0,0,-43
1770902280,6975.5,6975.75,6974.5,6975,0,0,-285
1770902340,6975.25,6975.5,6974.25,6975.5,0,0,-110
1770902400,6975.25,6975.75,6974.75,6975,0,0,-354
1770902460,6974.75,6975,6974,6974.75,0,0,-517
1770902520,6974.5,6975.5,6974,6975,0,0,-289
1770902580,6974.75,6975.75,6974.75,6975.25,0,0,-100
1770902640,6975.5,6975.75,6974.5,6975,0,0,-379
1770902700,6975.25,6976,6974.25,6975.75,0,0,-16
1770902760,6976,6976.5,6975.5,6976.25,0,0,249
1770902820,6976,6977,6976,6976.25,0,0,425
1770902880,6976.25,6977.75,6976.25,6977,0,0,700
1770902940,6977,6978,6976.75,6977.75,0,0,937
1770903000,6978,6979,6976,6978.25,0,0,1512
1770903060,6978,6979.5,6977.75,6978.75,0,0,1974
1770903120,6978.5,6980.5,6978.5,6980,0,0,2540
1770903180,6979.75,6981.75,6979.25,6981.5,0,0,2948
1770903240,6981.25,6983.25,6981,6982.75,0,0,3665
1770903300,6983,6983.25,6981.75,6982,0,0,3380
1770903360,6982,6983.25,6982,6983.25,0,0,3740
1770903420,6983.25,6986.25,6983.25,6985,0,0,4623
1770903480,6985.25,6986.75,6985,6985.25,0,0,5458
1770903540,6985.25,6986,6985,6985.75,0,0,5764
1770903600,6985.75,6989.5,6985.5,6989.5,0,0,6953
1770903660,6989.75,6991.5,6989.25,6991,0,0,8031
1770903720,6991,6991.25,6989.5,6990.5,0,0,7476
1770903780,6990.5,6991,6989,6989.5,0,0,6811
1770903840,6989.5,6989.5,6988.25,6988.75,0,0,6302
1770903900,6989,6989.25,6988.25,6988.5,0,0,6067
1770903960,6988.5,6989.25,6987.75,6988.5,0,0,5694
1770904020,6988.25,6988.5,6987.25,6987.25,0,0,5227
1770904080,6987.25,6987.5,6986.75,6987,0,0,4950
1770904140,6987,6987.25,6985.5,6987,0,0,4325
1770904200,6986.75,6987,6984.5,6984.5,0,0,3834
1770904260,6984.5,6985,6983.75,6984.5,0,0,3466
1770904320,6984.5,6985.75,6984.25,6985.5,0,0,3715
1770904380,6985.25,6986.75,6985.25,6986.75,0,0,3967
1770904440,6986.5,6986.75,6985.5,6985.5,0,0,3647
1770904500,6985.5,6986.25,6985.5,6985.75,0,0,3959
1770904560,6985.75,6987,6985.5,6986.75,0,0,4273
1770904620,6987,6988,6986.75,6987.75,0,0,4634
1770904680,6987.75,6988.5,6987.25,6987.5,0,0,4268
1770904740,6987.75,6987.75,6985.75,6986.5,0,0,3924
1770904800,6986.5,6986.75,6985,6985.25,0,0,3259
1770904860,6985.25,6985.25,6983.5,6983.75,0,0,2414
1770904920,6984,6985,6983.5,6984.25,0,0,2867
1770904980,6984.25,6984.25,6982.25,6982.75,0,0,2358
1770905040,6982.75,6983.5,6982.5,6983,0,0,2652
1770905100,6983.25,6983.75,6982.5,6983.25,0,0,2978
1770905160,6983.25,6984.5,6983.25,6983.75,0,0,3340
1770905220,6984,6984.75,6983.5,6984.25,0,0,3577
1770905280,6984.5,6985,6984.25,6984.25,0,0,3339
1770905340,6984.5,6985,6983.75,6984.75,0,0,3587
1770905400,6984.75,6985.25,6983.75,6985.25,0,0,4051
1770905460,6985.25,6985.25,6984,6984,0,0,3822
1770905520,6984,6984.25,6983,6983.75,0,0,3225
1770905580,6984,6984,6983,6983.25,0,0,3043
1770905640,6983.5,6983.5,6981,6981.25,0,0,2296
1770905700,6981.25,6981.75,6980.25,6980.5,0,0,1773
1770905760,6980.75,6981.75,6980.25,6980.5,0,0,1372
1770905820,6980.5,6981.5,6980.25,6981.5,0,0,1964
1770905880,6981.5,6982.5,6981.25,6982,0,0,2335
1770905940,6981.75,6982.25,6981.25,6981.5,0,0,2030
1770906000,6981.5,6982.75,6981.5,6982,0,0,2385
1770906060,6981.75,6982.25,6981.5,6981.75,0,0,2111
1770906120,6981.5,6982.5,6981.25,6981.5,0,0,1668
1770906180,6981.25,6981.25,6980,6980.5,0,0,1284
1770906240,6980.5,6981,6980.5,6980.75,0,0,1546
1770906300,6981,6981.75,6980.5,6981.25,0,0,2093
1770906360,6981.25,6982.5,6981.25,6981.25,0,0,2517
1770906420,6981.25,6981.5,6979.75,6980,0,0,1806
1770906480,6980.25,6981.5,6979.5,6980.25,0,0,2796
1770906540,6980.25,6982,6980,6981.25,0,0,4509
1770906600,6981.5,6987.25,6979.75,6981.75,0,0,18254
1770906660,6981.75,6985,6980.5,6981,0,0,10596
1770906720,6981,6988.75,6980.75,6988.75,0,0,16549
1770906780,6988.75,6989.25,6984.5,6987.25,0,0,11007
1770906840,6987.25,6988.75,6985.25,6988.75,0,0,15525
1770906900,6988.75,6990,6986,6986.75,0,0,9615
1770906960,6987,6987.75,6984,6984.75,0,0,4763
1770907020,6985,6985.5,6982.5,6984.75,0,0,769
1770907080,6984.75,6988.5,6983.5,6985,0,0,5849
1770907140,6985.25,6987.25,6983.75,6987.25,0,0,9354
1770907200,6987.25,6991.5,6985.75,6988.5,0,0,16218
1770907260,6988.5,6992.75,6988,6988.25,0,0,8238
1770907320,6988.25,6990.5,6985.75,6986.25,0,0,1633
1770907380,6986.25,6986.75,6983.75,6985.25,0,0,-2918
1770907440,6985.25,6985.25,6978.75,6979.25,0,0,-9725
1770907500,6979.25,6982.75,6975,6975,0,0,-16996
1770907560,6975,6979.5,6972.75,6977.75,0,0,-9765
1770907620,6977.5,6981.5,6975.75,6976.5,0,0,-15981
1770907680,6976.25,6977.25,6972.75,6975.5,0,0,-21405
1770907740,6975.5,6978,6970,6972,0,0,-29229
1770907800,6972,6976.25,6969.5,6975,0,0,-21822
1770907860,6975,6978.25,6972.25,6973,0,0,-26795
1770907920,6973,6974.75,6971.5,6972.5,0,0,-30378
1770907980,6972.5,6979,6972.5,6974.5,0,0,-25592
1770908040,6974.5,6978.5,6974.5,6976.5,0,0,-22131
1770908100,6976.25,6976.5,6972.5,6973.25,0,0,-25918
1770908160,6973.25,6973.5,6968,6968.5,0,0,-30804
1770908220,6968.5,6969.25,6965.75,6967.75,0,0,-36452
1770908280,6967.5,6967.75,6964,6964.25,0,0,-41241
1770908340,6964,6967.25,6962,6967.25,0,0,-37190
1770908400,6967,6967.5,6962.25,6964,0,0,-42889
1770908460,6964,6972.75,6962.75,6972,0,0,-36076
1770908520,6972,6975.25,6971.25,6972.5,0,0,-30435
1770908580,6972.25,6973.75,6971,6971,0,0,-34854
1770908640,6971.25,6971.5,6965,6965.25,0,0,-39370
1770908700,6965.25,6968,6965.25,6966.25,0,0,-36137
1770908760,6966.5,6971.25,6966,6969.25,0,0,-32041
1770908820,6969.25,6970.5,6966.5,6966.75,0,0,-36797
1770908880,6966.75,6967.25,6960.75,6961,0,0,-42248
1770908940,6961,6963.5,6960.25,6962.75,0,0,-38380
1770909000,6963,6966.25,6962,6966,0,0,-33847
1770909060,6966,6966.75,6961.75,6962,0,0,-37240
1770909120,6962,6968.5,6961,6965.75,0,0,-32533
1770909180,6966,6968.5,6965,6968,0,0,-29257
1770909240,6968,6973,6967.5,6972.5,0,0,-24135
1770909300,6972.5,6974,6969.25,6972.75,0,0,-19133
1770909360,6972.75,6975,6970.5,6975,0,0,-15576
1770909480,6970.75,6973,6968,6970.5,0,0,-18988
1770909540,6970.25,6971.75,6966.75,6967,0,0,-21648
1770909600,6966.75,6971.5,6966.75,6968.75,0,0,-18575
1770909660,6969,6969.75,6964,6964,0,0,-22293
1770909720,6964.25,6976,6964,6974,0,0,-17003
1770909780,6973.75,6974,6968.5,6969.25,0,0,-20245
1770909840,6969.5,6970.25,6967.75,6969.25,0,0,-23018
1770909900,6969.25,6971.25,6967.75,6969,0,0,-25577
1770909960,6969,6969.25,6965.75,6968.75,0,0,-28272
1770910020,6968.75,6970.25,6966.25,6968.75,0,0,-30598
1770910080,6968.75,6972.5,6968,6971,0,0,-28181
1770910140,6971.25,6971.5,6967.25,6969.5,0,0,-30645
1770910200,6969.75,6974,6968.25,6973,0,0,-26896
1770910260,6972.75,6973,6967.5,6968,0,0,-29190
1770910320,6968,6969,6962.75,6963.5,0,0,-32601
1770910380,6963.75,6964.25,6960,6960.75,0,0,-36458
1770910440,6960.5,6962.25,6958,6958.25,0,0,-40807
1770910500,6958.25,6960.25,6958,6958,0,0,-44377
1770910560,6958,6958,6955,6956.75,0,0,-50045
1770910620,6956.75,6957.75,6953.5,6953.75,0,0,-54010
1770910680,6953.5,6954,6948.25,6951,0,0,-61210
1770910740,6950.75,6951.25,6948.5,6950.25,0,0,-65162
1770910800,6950.25,6952,6945.75,6945.75,0,0,-71613
1770910860,6945.75,6948,6944,6944.5,0,0,-76118
1770910920,6944.5,6947,6942.5,6945.75,0,0,-70598
1770910980,6945.75,6948.75,6943.5,6943.75,0,0,-75771
1770911040,6944,6945.25,6941.75,6942.5,0,0,-80229
1770911100,6942.25,6947,6941,6946.75,0,0,-75010
1770911160,6946.75,6947.75,6944.5,6946,0,0,-79879
1770911220,6946,6947,6944,6946.75,0,0,-76651
1770911280,6946.75,6947,6940.75,6941.25,0,0,-80917
1770911340,6941.25,6945,6941,6943.75,0,0,-76788
1770911400,6943.75,6944.75,6940.5,6940.5,0,0,-80674
1770911460,6940.5,6946.75,6940.5,6945.5,0,0,-77156
1770911520,6945.5,6946,6939.75,6940,0,0,-81706
1770911580,6939.75,6941.25,6938.5,6939.25,0,0,-85065
1770911640,6939,6939.25,6933.5,6933.75,0,0,-90935
1770911700,6933.75,6935,6931.5,6932,0,0,-98864
1770911760,6931.75,6932.5,6929.75,6931.5,0,0,-104308
1770911820,6931.25,6933.25,6927.75,6929.25,0,0,-109814
1770911880,6929,6931,6926,6926.5,0,0,-117174
1770911940,6926.5,6927.25,6924.25,6925,0,0,-123382
1770912000,6925,6926,6921.5,6924.5,0,0,-134702
1770912060,6924.25,6924.5,6922,6922.25,0,0,-141104
1770912120,6922,6922.5,6919,6920.5,0,0,-149670
1770912180,6920.25,6926.25,6920.25,6923,0,0,-140646
1770912240,6922.75,6923.25,6917.75,6919.75,0,0,-146816
1770912300,6919.75,6921,6912.5,6912.5,0,0,-155689
1770912360,6912.5,6912.5,6910,6910.25,0,0,-163090
1770912420,6910,6912.5,6906.5,6911.25,0,0,-153910
1770912480,6911,6913.75,6910.5,6912.25,0,0,-147179
1770912540,6912.25,6914,6908,6908.5,0,0,-154007
1770912600,6908.5,6909.75,6904,6904,0,0,-163525
1770912660,6904,6907.5,6902,6902,0,0,-173016
1770912720,6902,6903.75,6899.25,6903.25,0,0,-163099
1770912780,6903,6903.5,6899.25,6900,0,0,-169512
1770912840,6899.75,6902,6898.5,6901.5,0,0,-162101
1770912900,6901.25,6903,6894.5,6894.75,0,0,-172562
1770912960,6894.75,6895.5,6891.75,6894,0,0,-180370
1770913020,6893.75,6899.25,6893.75,6896.25,0,0,-172607
1770913080,6896.25,6897.5,6889.75,6890,0,0,-180001
1770913140,6890,6894,6889.25,6893.25,0,0,-174335
1770913200,6893.25,6894,6885.5,6885.75,0,0,-183480
1770913260,6885.75,6889,6884,6885,0,0,-191833
1770913320,6885,6887.75,6881.75,6883,0,0,-200754
1770913380,6882.75,6892.75,6882.75,6892.5,0,0,-189171
1770913440,6892.5,6894.75,6887.75,6888,0,0,-199803
1770913500,6888,6889,6882.5,6882.75,0,0,-207572
1770913560,6882.5,6885.5,6881,6882.25,0,0,-215090
1770913620,6882.25,6886.5,6879.5,6886.25,0,0,-204824
1770913680,6886.25,6886.75,6880.5,6881.25,0,0,-212558
1770913740,6881.5,6881.75,6873.5,6874,0,0,-222510
1770913800,6874,6878.5,6873,6876,0,0,-209653
1770913860,6876.25,6879,6873.25,6877.5,0,0,-200929
1770913920,6877.5,6887.25,6877.25,6886,0,0,-187706
1770913980,6886.25,6888.75,6881.25,6883.75,0,0,-198320
1770914040,6883.75,6887.25,6881.5,6883.5,0,0,-205665
1770914100,6883.5,6888.5,6882,6887.5,0,0,-198071
1770914160,6887.75,6896.25,6885,6896,0,0,-188105
1770914220,6896.25,6896.25,6887.75,6893.5,0,0,-196061
1770914280,6893.25,6894.5,6887.25,6890,0,0,-202586
1770914340,6889.75,6894.75,6888.75,6893.75,0,0,-196382
1770914400,6893.75,6896,6890.5,6891.5,0,0,-202730
1770914460,6891.75,6895.5,6890.25,6894.5,0,0,-197480
1770914520,6894.75,6895,6891,6893.25,0,0,-202299
1770914580,6893.5,6896.5,6890,6894.75,0,0,-196043
1770914640,6894.75,6894.75,6885.25,6887.25,0,0,-201821
1770914700,6887.25,6891.5,6886.5,6889.75,0,0,-196544
1770914760,6889.5,6891.5,6880.75,6882,0,0,-202520
1770914820,6882,6887.5,6880.5,6880.5,0,0,-208550
1770914880,6880.75,6882,6878.75,6879.25,0,0,-213164
1770914940,6879.25,6885.25,6878.5,6883.25,0,0,-207741
1770915000,6883.25,6886.5,6880,6881.5,0,0,-212448
1770915060,6881.5,6887.25,6879.75,6882.75,0,0,-206262
1770915120,6883,6884.5,6879.5,6882,0,0,-209989
1770915180,6882,6882.25,6878.75,6881,0,0,-215500
1770915240,6880.75,6882.75,6876.75,6880.25,0,0,-220403
1770915300,6880,6885,6880,6885,0,0,-215129
1770915360,6885,6885.5,6879.5,6881,0,0,-218881
1770915420,6880.75,6883.25,6880,6881,0,0,-215934
1770915480,6881,6883.5,6880.5,6883,0,0,-212941
1770915540,6883.25,6885,6880.5,6884.5,0,0,-208817
1770915600,6884.5,6884.5,6875,6875.25,0,0,-216849
1770915660,6875.25,6876.5,6871.75,6873.25,0,0,-224884
1770915720,6873.25,6883,6873,6883,0,0,-220082
1770915780,6882.5,6884.75,6879.5,6880.25,0,0,-224762
1770915840,6880.25,6882.75,6879.5,6882.25,0,0,-221811
1770915900,6882.25,6882.75,6875,6875,0,0,-225776
1770915960,6875.25,6886,6874,6885,0,0,-219081
1770916020,6884.75,6886.75,6881.5,6886.25,0,0,-214195
1770916080,6886,6886.75,6879.25,6880.25,0,0,-217704
1770916140,6880,6889.25,6879.5,6886.5,0,0,-213365
1770916200,6886.5,6886.5,6879.25,6879.75,0,0,-218573
1770916260,6879.75,6881,6875.75,6876,0,0,-222090
1770916320,6876,6878,6874.5,6874.75,0,0,-225488
1770916380,6874.75,6878.25,6874.25,6877.25,0,0,-222256
1770916440,6877.25,6880.75,6875.25,6876.25,0,0,-225686
1770916500,6876.25,6879.25,6874.75,6875,0,0,-228485
1770916560,6875,6879.5,6873.75,6879,0,0,-224788
1770916620,6878.75,6878.75,6872.75,6873.5,0,0,-228727
1770916680,6873.5,6874.75,6872.75,6874.5,0,0,-225344
1770916740,6874.5,6876.75,6873.25,6873.25,0,0,-229417
1770916800,6873.25,6882,6873.25,6881,0,0,-224198
1770916860,6881,6882.5,6879,6882,0,0,-220115
1770916920,6882,6886.25,6880.25,6886,0,0,-216388
1770916980,6886,6888.25,6885,6888,0,0,-212199
1770917040,6887.75,6888.25,6885,6886.75,0,0,-215590
1770917100,6886.75,6887.75,6883,6886.75,0,0,-218920
1770917160,6886.75,6888.75,6884.25,6886.25,0,0,-223118
1770917220,6886.25,6888.5,6885.25,6887.75,0,0,-219885
1770917280,6887.75,6890.75,6887.25,6888,0,0,-215121
1770917340,6888,6888.25,6876.75,6879.25,0,0,-221340
1770917400,6879.5,6885,6877.75,6879.75,0,0,-216566
1770917460,6879.75,6881,6877.25,6878,0,0,-219603
1770917520,6877.75,6879.5,6876.75,6878,0,0,-216680
1770917580,6878,6885.75,6877.5,6885.5,0,0,-213081
1770917640,6885.75,6886.25,6882.75,6885,0,0,-215848
1770917700,6885,6887.75,6884.75,6886.25,0,0,-213114
1770917760,6886.25,6890,6885.75,6888.75,0,0,-210311
1770917820,6888.75,6892.5,6888.75,6890.75,0,0,-206866
1770917880,6891,6894,6887.5,6888.75,0,0,-211420
1770917940,6888.75,6891.25,6885.75,6886.5,0,0,-215829
1770918000,6886.5,6889.5,6883.25,6889.25,0,0,-211869
1770918060,6889.25,6890.25,6886.25,6886.25,0,0,-215085
1770918120,6886.25,6888.5,6885.5,6887.5,0,0,-212421
1770918180,6887.25,6891,6887,6889.5,0,0,-210230
1770918240,6889.5,6892,6888.5,6889.25,0,0,-212811
1770918300,6889.5,6890.5,6887.75,6888.75,0,0,-215276
1770918360,6888.75,6892,6882.75,6883,0,0,-219177
1770918420,6883,6885.5,6882.75,6883.75,0,0,-216165
1770918480,6883.75,6884.75,6879,6879.25,0,0,-220136
1770918540,6879.5,6883.75,6879.5,6882.5,0,0,-217359
1770918600,6882.5,6887.25,6880.5,6880.75,0,0,-221441
1770918660,6881,6884,6879.75,6880.25,0,0,-224166
1770918720,6880,6881.75,6879.25,6880,0,0,-227648
1770918780,6879.75,6880.75,6874,6874.25,0,0,-231128
1770918840,6874,6875.75,6873.25,6875.25,0,0,-227831
1770918900,6875.25,6878,6875,6877,0,0,-224673
1770918960,6877,6877.25,6871.75,6872.25,0,0,-227925
1770919020,6872.25,6872.75,6868.25,6869.75,0,0,-233657
1770919080,6869.75,6870,6868.25,6869,0,0,-236411
1770919140,6869.25,6870,6867,6867.75,0,0,-239774
1770919200,6867.75,6868,6862.25,6865.25,0,0,-249566
1770919260,6865.5,6869,6865,6868.75,0,0,-245787
1770919320,6868.5,6874.25,6867.5,6870,0,0,-239660
1770919380,6870,6870.5,6865.5,6866.5,0,0,-243301
1770919440,6866.5,6871.5,6865.75,6869.25,0,0,-240558
1770919500,6869.25,6872.75,6868.75,6871.75,0,0,-237939
1770919560,6871.75,6873,6869.75,6872.25,0,0,-234659
1770919620,6872.5,6879.25,6872.25,6877.5,0,0,-229310
1770919680,6877.5,6878.25,6870.75,6871,0,0,-232234
1770919740,6871,6873.5,6870.75,6871.5,0,0,-230108
1770919800,6871.75,6872.5,6868.5,6871.5,0,0,-233303
1770919860,6871.5,6873,6869.5,6873,0,0,-230815
1770919920,6873.25,6873.5,6870.75,6872,0,0,-233157
1770919980,6872.25,6873.75,6871,6871,0,0,-234947
1770920040,6871.25,6872.5,6870.5,6871,0,0,-236466
1770920100,6871,6871.25,6869.5,6870,0,0,-238708
1770920160,6869.75,6871,6867.25,6868.25,0,0,-241584
1770920220,6868.25,6869,6864.5,6864.75,0,0,-244030
1770920280,6864.5,6865.75,6862.25,6865,0,0,-240940
1770920340,6864.75,6867.75,6863.75,6864.25,0,0,-243469
1770920400,6864,6869.5,6864,6868,0,0,-240292
1770920460,6868,6868.25,6866,6866.5,0,0,-242306
1770920520,6866.5,6872.75,6865.75,6872.5,0,0,-240095
1770920580,6872.5,6873,6870.75,6872.75,0,0,-237851
1770920640,6872.75,6875.75,6871.5,6873.75,0,0,-234560
1770920700,6873.5,6874,6869.5,6872,0,0,-237077
1770920760,6872,6875.5,6871.5,6874.75,0,0,-234670
1770920820,6874.5,6875.5,6871,6871.25,0,0,-236874
1770920880,6871,6873.75,6860,6864.25,0,0,-247520
1770920940,6864.25,6870.75,6861.25,6869.5,0,0,-238518
1770921000,6869.75,6870.25,6865.75,6868,0,0,-243912
1770921060,6868,6868.5,6866,6868.5,0,0,-240410
1770921120,6868.75,6870.5,6867.5,6867.75,0,0,-243049
1770921180,6867.75,6873.75,6867.75,6872.5,0,0,-239016
1770921240,6872.75,6873.75,6871.25,6871.5,0,0,-242789
1770921300,6871.75,6875.25,6870,6873.25,0,0,-240003
1770921360,6873.25,6874.75,6871.25,6871.75,0,0,-242422
1770921420,6871.75,6876.25,6871.25,6876,0,0,-239889
1770921480,6876,6880.5,6876,6878.75,0,0,-234803
1770921540,6878.75,6880.5,6876.75,6880.5,0,0,-232577
1770921600,6880.5,6880.75,6876.75,6879,0,0,-235787
1770921660,6879,6882,6878.75,6879.75,0,0,-232858
1770921720,6879.75,6883.5,6879.75,6882.75,0,0,-230157
1770921780,6883,6885.5,6882.25,6883.5,0,0,-226753
1770921840,6883.75,6887.5,6883,6886.5,0,0,-222960
1770921900,6886.75,6886.75,6884.5,6885.75,0,0,-225278
1770921960,6885.5,6887.5,6883.25,6887.5,0,0,-222538
1770922020,6887.25,6887.5,6884.75,6886,0,0,-224869
1770922080,6886.25,6888.75,6885.75,6886.75,0,0,-222480
1770922140,6886.75,6887.25,6883.5,6884,0,0,-225805
1770922200,6884,6884,6881.75,6883.5,0,0,-228657
1770922260,6883.75,6889.25,6883.5,6889.25,0,0,-226150
1770922320,6889.25,6890.5,6887.5,6890.25,0,0,-223458
1770922380,6890,6890.5,6888.25,6889.25,0,0,-225889
1770922440,6889.5,6891.5,6887.25,6888.5,0,0,-228909
1770922500,6888.5,6890.75,6887.5,6890.5,0,0,-226949
1770922560,6890.75,6890.75,6883.75,6885.25,0,0,-231923
1770922620,6885.25,6888,6884.5,6886.75,0,0,-229723
1770922680,6886.75,6888.75,6881,6886.75,0,0,-224241
1770922740,6886.75,6887.25,6884.25,6885,0,0,-226760
1770922800,6885.25,6888.5,6884.75,6888.25,0,0,-222905
1770922860,6888.25,6889.5,6886,6886.5,0,0,-226273
1770922920,6886.5,6888,6885.25,6886.5,0,0,-228716
1770922980,6886.25,6887.5,6884.75,6887.25,0,0,-226735
1770923040,6887.25,6887.5,6881.25,6883,0,0,-229744
1770923100,6882.75,6886.25,6882.5,6885.25,0,0,-227381
1770923160,6885.25,6886.25,6884,6884.75,0,0,-228962
1770923220,6885,6885.5,6883,6883.75,0,0,-230612
1770923280,6883.75,6886.25,6883,6885.75,0,0,-228226
1770923340,6886,6887.5,6882.5,6882.75,0,0,-230321
1770923400,6882.75,6884.5,6881.25,6882.5,0,0,-232291
1770923460,6882.75,6883.25,6874,6876.75,0,0,-237166
1770923520,6876.5,6878.75,6875.25,6875.75,0,0,-239824
1770923580,6876.25,6880,6876,6879.5,0,0,-237099
1770923640,6879.75,6882,6878.25,6879.5,0,0,-239670
1770923700,6879.5,6884,6879.5,6883.5,0,0,-237220
1770923760,6883.75,6884.25,6881.75,6883.5,0,0,-239885
1770923820,6883.5,6887.75,6882.75,6886.75,0,0,-237006
1770923880,6887,6889.25,6887,6888.25,0,0,-234730
1770923940,6888.5,6889.75,6886.25,6888.5,0,0,-232372
1770924000,6888.75,6890.5,6888,6889.5,0,0,-229388
1770924060,6889.5,6891.25,6887.75,6889.5,0,0,-226695
1770924120,6889.75,6890,6887,6889.25,0,0,-228592
1770924180,6889.5,6891.25,6889.25,6891.25,0,0,-226859
1770924240,6891,6892.25,6888.5,6890,0,0,-230066
1770924300,6890,6891,6888,6888,0,0,-231985
1770924360,6887.75,6888,6883,6884.75,0,0,-238547
1770924420,6884.5,6885,6879,6879.75,0,0,-241691
1770924480,6879.75,6880.25,6878.25,6880,0,0,-238895
1770924540,6880.25,6881,6878.25,6879.75,0,0,-242275
1770924600,6879.5,6882.75,6879.5,6881.75,0,0,-239010
1770924660,6881.75,6885.5,6881.5,6884.5,0,0,-236027
1770924720,6884.5,6888.75,6884.5,6887,0,0,-233349
1770924780,6887.25,6889,6886.75,6887.25,0,0,-231627
1770924840,6887.25,6887.5,6885.5,6886.25,0,0,-233664
1770924900,6886.5,6891,6885.25,6890.5,0,0,-231147
1770924960,6890.25,6891.25,6888.75,6889.75,0,0,-233598
1770925020,6889.75,6891.75,6888.5,6890.5,0,0,-232021
1770925080,6890.75,6891.25,6888.75,6889.75,0,0,-233808
1770925140,6890,6891.75,6888.25,6891.25,0,0,-232034
1770925200,6891.25,6891.75,6889.75,6890.25,0,0,-233378
1770925260,6890.25,6892,6889.25,6890.5,0,0,-231391
1770925320,6890.75,6893.75,6889.25,6893,0,0,-227365
1770925380,6893,6893.25,6888,6888,0,0,-229842
1770925440,6887.75,6889.5,6886,6888.25,0,0,-226851
1770925500,6888.5,6892.75,6888.5,6892.5,0,0,-224178
1770925560,6892.5,6893.75,6890.75,6893,0,0,-221500
1770925620,6893,6894.25,6892.5,6893.25,0,0,-219389
1770925680,6893.25,6894.75,6892.5,6893.25,0,0,-216872
1770925740,6893.25,6896,6892.5,6895.75,0,0,-213573
1770925800,6895.25,6898,6895.25,6896,0,0,-210601
1770925860,6895.75,6896.25,6892.25,6894.25,0,0,-215743
1770925920,6894,6894.5,6891,6892.5,0,0,-219547
1770925980,6892.5,6893.5,6891.25,6891.75,0,0,-221468
1770926040,6891.5,6893.25,6891,6891.75,0,0,-219851
1770926100,6891.75,6893.25,6889,6893,0,0,-216789
1770926160,6892.75,6893.25,6891.75,6893,0,0,-214802
1770926220,6893,6896.25,6892.25,6894.75,0,0,-211692
1770926280,6894.75,6894.75,6886,6890.25,0,0,-218611
1770926340,6890.25,6890.5,6886.5,6889.75,0,0,-222941
1770926400,6890,6892.75,6889.75,6891.75,0,0,-219935
1770926460,6891.5,6892.75,6890.75,6892.5,0,0,-217841
1770926520,6892.25,6893,6889,6889.25,0,0,-220129
1770926580,6889,6890.5,6887.75,6888.75,0,0,-222008
1770926640,6889,6892.25,6888.5,6892.25,0,0,-219980
1770926700,6892.25,6893.75,6891,6892.25,0,0,-217600
1770926760,6892,6892.75,6890.5,6890.75,0,0,-218963
1770926820,6890.5,6892,6887.5,6887.75,0,0,-220909
1770926880,6887.5,6889.5,6885.5,6887,0,0,-223602
1770926940,6887,6887,6884.5,6885.5,0,0,-225387
1770927000,6885.5,6885.75,6881,6881.75,0,0,-228505
1770927060,6881.75,6884.25,6880,6883,0,0,-225088
1770927120,6882.75,6886.25,6882.75,6883.25,0,0,-222642
1770927180,6883.25,6885.5,6882.75,6885.5,0,0,-220668
1770927240,6885.75,6887.25,6884.75,6886.5,0,0,-218399
1770927300,6886.5,6886.75,6883.25,6883.75,0,0,-220712
1770927360,6883.75,6884,6881.75,6882.25,0,0,-223047
1770927420,6882.5,6884,6880.5,6881.5,0,0,-225379
1770927480,6881.5,6883.75,6879.5,6880.5,0,0,-227731
1770927540,6880.25,6881.75,6878.5,6879.5,0,0,-230052
1770927600,6879.25,6879.5,6875,6875.5,0,0,-234336
1770927660,6875.5,6879,6875.5,6876.75,0,0,-231487
1770927720,6876.75,6878,6875,6875.5,0,0,-234669
1770927780,6875.5,6877,6873.5,6874,0,0,-237368
1770927840,6874,6876,6874,6875.5,0,0,-234187
1770927900,6875.5,6876,6873.5,6873.5,0,0,-236727
1770927960,6873.25,6874.5,6871.75,6874.25,0,0,-232885
1770928020,6874,6875,6872,6872.25,0,0,-235080
1770928080,6872,6873.75,6871.25,6873.5,0,0,-232622
1770928140,6873.5,6874.25,6869,6870.25,0,0,-236084
1770928200,6870,6872,6868.25,6869.75,0,0,-240206
1770928260,6869.75,6872,6866,6866.25,0,0,-244203
1770928320,6866,6867,6863.25,6867,0,0,-239271
1770928380,6867,6868,6865,6867.25,0,0,-235610
1770928440,6867.5,6870,6866.75,6867.25,0,0,-239238
1770928500,6867.5,6869,6866,6869,0,0,-236650
1770928560,6869,6869.75,6867,6867.25,0,0,-239289
1770928620,6867.25,6869.75,6867,6868,0,0,-237089
1770928680,6868,6869.25,6867.5,6868.25,0,0,-234740
1770928740,6868.25,6869.25,6865.25,6867.25,0,0,-237842
1770928800,6867.25,6871.25,6866.75,6870,0,0,-234004
1770928860,6870,6871.75,6867.75,6868,0,0,-237320
1770928920,6868,6868.25,6863.75,6865.75,0,0,-239859
1770928980,6865.75,6866,6862.5,6862.75,0,0,-242864
1770929040,6862.75,6865.5,6862.25,6864.75,0,0,-238822
1770929100,6865,6865.75,6860.75,6861.25,0,0,-243309
1770929160,6861,6861.75,6857.25,6858.5,0,0,-248893
1770929220,6858.5,6858.5,6856.25,6857,0,0,-254342
1770929280,6857.25,6858.25,6854,6855,0,0,-258861
1770929340,6855,6857.5,6854.5,6856.75,0,0,-254728
1770929400,6856.75,6856.75,6846.75,6847,0,0,-269619
1770929460,6847,6847.5,6842,6843,0,0,-277827
1770929520,6843,6848.25,6842,6846.5,0,0,-268369
1770929580,6846.5,6850.75,6845.75,6850,0,0,-259432
1770929640,6849.75,6855.75,6849.75,6855.5,0,0,-248910
1770929700,6855.5,6856.5,6852,6854,0,0,-259778
1770929760,6854,6854.75,6847.5,6849.5,0,0,-266812
1770929820,6849.5,6853,6849.25,6851.25,0,0,-259165
1770929880,6851.25,6853.25,6850.25,6850.75,0,0,-266745
1770930000,6850.75,6852,6848,6848.5,0,0,-283400
1770930060,6848.75,6850.25,6846.75,6849.75,0,0,-277799
1770930120,6849.75,6851.75,6848.75,6850.25,0,0,-274434
1770930180,6850.25,6851,6849.25,6850,0,0,-277081
1770930240,6850,6851.5,6849.5,6850.75,0,0,-275011
1770930300,6851,6851.75,6849,6850.75,0,0,-277322
1770930360,6850.75,6851.75,6849.75,6850.75,0,0,-279543
1770930420,6850.5,6853.75,6850.5,6851.75,0,0,-277731
1770930480,6851.75,6855.75,6850.75,6855.25,0,0,-275926
1770930540,6855.25,6855.75,6854,6854.75,0,0,-277299
1770930600,6854.5,6855.5,6853.5,6854.25,0,0,-278693
1770930660,6854.25,6854.75,6853.75,6854.5,0,0,-277730
1770930720,6854.5,6855.75,6854.5,6855,0,0,-276906
1770930780,6855,6857,6854,6856,0,0,-275745
1770930840,6856,6856.25,6854.75,6856,0,0,-274533
1770930900,6856,6856.5,6855.25,6856,0,0,-273732
1770930960,6856,6856.5,6854,6855.75,0,0,-274577
1770931020,6855.75,6856,6855,6855.75,0,0,-275217
1770931080,6856,6857.5,6856,6856.25,0,0,-274691
1770931140,6856.5,6857.5,6855.25,6857,0,0,-273886
1770931200,6856.75,6857.5,6856.5,6856.75,0,0,-274478
1770931260,6856.75,6857.5,6856.5,6857.25,0,0,-273905
1770931320,6857.25,6857.5,6856.25,6857.25,0,0,-273396
1770931380,6857.25,6858.5,6857.25,6857.5,0,0,-272983
1770931440,6857.5,6858.25,6857,6857.75,0,0,-272690
1770931500,6858,6858,6856.5,6857.25,0,0,-273004
1770931560,6857,6857.75,6857,6857.25,0,0,-272691
1770931620,6857,6858,6857,6857.75,0,0,-272414
1770931680,6858,6858.25,6857.5,6858,0,0,-272198
1770931740,6858,6859.75,6857.75,6859.5,0,0,-271777
1770931800,6859.5,6861.75,6859,6861.25,0,0,-271084
1770931860,6861,6861.75,6860.75,6861,0,0,-271677
1770931920,6860.75,6861.25,6860,6860.75,0,0,-271964
1770931980,6861,6862.25,6861,6862,0,0,-271723
1770932040,6862.25,6863,6862,6862.25,0,0,-271131
1770932100,6862.25,6862.75,6862,6862.5,0,0,-270872
1770932160,6862.75,6863.5,6862.5,6863.5,0,0,-270531
1770932220,6863.5,6863.75,6862.25,6862.5,0,0,-270873
1770932280,6862.75,6863.75,6862.5,6863.25,0,0,-270592
1770932340,6863.5,6864,6862,6862,0,0,-271067
1770932400,6862,6862.25,6860.75,6861.5,0,0,-271809
1770932460,6861.5,6862.25,6861.25,6862.25,0,0,-271538
1770932520,6862.25,6862.5,6861.5,6862.25,0,0,-271185
1770932580,6862.25,6862.5,6861.75,6862.25,0,0,-270847
1770932640,6862.25,6863,6861.5,6861.75,0,0,-271475
1770932700,6862,6862.5,6860.25,6861,0,0,-272081
1770932760,6861,6861.5,6860.5,6860.75,0,0,-272843
1770932820,6861,6862.5,6860.75,6862.5,0,0,-272460
1770932880,6862.25,6863,6862,6862.25,0,0,-272835
1770932940,6862,6863.25,6862,6863.25,0,0,-272627
1770933000,6863.25,6865,6863.25,6864.5,0,0,-272130
1770933060,6864.75,6865,6863.75,6863.75,0,0,-272598
1770933120,6863.75,6864.5,6863.75,6864.25,0,0,-272415
1770933180,6864.25,6865,6864.25,6864.75,0,0,-272138
1770933240,6864.5,6864.5,6863,6863.5,0,0,-272585
1770933300,6863.5,6863.5,6862,6862.5,0,0,-273202
1770933360,6862.75,6862.75,6860.75,6860.75,0,0,-273561
1770933420,6861,6863,6860.75,6863,0,0,-273110
1770933480,6862.75,6863,6861.25,6861.25,0,0,-273412
1770933540,6861.5,6862,6861,6861.75,0,0,-273074
1770937200,6865.5,6865.5,6858.5,6859,1,0,-999
1770937260,6859,6860.75,6858.25,6858.5,0,0,-1319
1770937320,6858.75,6858.75,6856.5,6858.5,0,0,-1613
1770937380,6858.5,6860.25,6858.25,6859.5,0,0,-1203
1770937440,6859.75,6859.75,6858.25,6858.5,0,0,-1287
1770937500,6858.25,6860.75,6855,6860.5,0,0,-561
1770937560,6860.25,6864,6860,6862.25,0,0,-43
1770937620,6862.5,6864,6862.25,6862.25,0,0,-282
1770937680,6862.25,6863,6860.25,6862.25,0,0,-517
1770937740,6862.25,6864,6862.25,6863.5,0,0,-379
1770937800,6863.75,6865.5,6863.75,6865,0,0,-17
1770937860,6865,6865,6863,6864.5,0,0,-254
1770937920,6864.5,6865,6863.25,6864.25,0,0,-365
1770937980,6864.25,6864.5,6863.25,6864,0,0,-462
1770938040,6864.25,6864.25,6862.25,6862.5,0,0,-549
1770938100,6862.5,6864,6861.75,6864,0,0,-351
1770938160,6863.75,6863.75,6862,6862.25,0,0,-515
1770938220,6862.25,6865,6862.25,6864.75,0,0,-378
1770938280,6864.75,6865,6863.75,6864.75,0,0,-257
1770938340,6865,6867,6862.5,6862.5,0,0,-793
1770938400,6862.5,6863.5,6861,6861.5,0,0,-1067
1770938460,6861.5,6861.75,6860.25,6861.25,0,0,-1363
1770938520,6861.25,6862.5,6861,6861.75,0,0,-1197
1770938580,6861.75,6861.75,6860.75,6861.75,0,0,-1077
1770938640,6861.75,6862.25,6861,6861.75,0,0,-1002
1770938700,6861.75,6863.5,6861.5,6862.5,0,0,-840
1770938760,6862.5,6864.25,6862.5,6863,0,0,-606
1770938820,6863.5,6864,6863.25,6863.75,0,0,-533
1770938880,6863.75,6863.75,6862.25,6862.5,0,0,-656
1770938940,6862.5,6864.25,6862.5,6864,0,0,-573
1770939000,6864.25,6864.5,6863.25,6863.25,0,0,-682
1770939060,6863.25,6863.75,6863.25,6863.75,0,0,-609
1770939120,6863.75,6865.75,6860.25,6863.25,0,0,-1524
1770939180,6863,6863.25,6852.25,6852.5,0,0,-3597
1770939240,6852.5,6857,6852.25,6856.75,0,0,-3033
1770939300,6856.75,6858.75,6855.25,6858.25,0,0,-2734
1770939360,6858,6859,6856.75,6858,0,0,-2967
1770939420,6858,6858,6855.5,6856.5,0,0,-3231
1770939480,6856.5,6857.5,6850.75,6851.5,0,0,-4409
1770939540,6851.5,6852,6847.25,6849.5,0,0,-5675
1770939600,6849.75,6852,6847.25,6851,0,0,-5126
1770939660,6851,6852,6850.5,6851.25,0,0,-4865
1770939720,6851.25,6852.5,6851,6852,0,0,-4684
1770939780,6852,6854,6851.75,6852.75,0,0,-4430
1770939840,6852.75,6854,6852.25,6853,0,0,-4207
1770939900,6853.25,6853.75,6852.5,6853.25,0,0,-4031
1770939960,6853,6854.25,6852.75,6853,0,0,-4220
1770940020,6853,6853.5,6851.5,6853,0,0,-4412
1770940080,6853.25,6856.5,6853.25,6856.25,0,0,-3965
1770940140,6856.5,6858.25,6856.25,6857.5,0,0,-3685
1770940200,6857.5,6859.25,6857.5,6858.75,0,0,-3418
1770940260,6858.75,6860,6858.5,6859.75,0,0,-3220
1770940320,6859.5,6861,6859.25,6860.75,0,0,-2979
1770940380,6860.75,6862,6860.5,6861.75,0,0,-2741
1770940440,6861.75,6861.75,6860.25,6861.5,0,0,-3121
1770940500,6861.25,6862.5,6860.5,6862.5,0,0,-2905
1770940560,6862.5,6863.25,6861.75,6861.75,0,0,-3175
1770940620,6862.25,6862.5,6861.75,6862.25,0,0,-3028
1770940680,6862.25,6862.75,6860.75,6860.75,0,0,-3216
1770940740,6860.5,6861.25,6859.75,6860.75,0,0,-2939
1770940800,6860.5,6862.25,6856.5,6861.5,0,0,-1926
1770940860,6861.25,6866.75,6861.25,6866.5,0,0,-995
1770940920,6866.25,6868.5,6866.25,6868.25,0,0,-342
1770940980,6868,6868,6865.5,6865.5,0,0,-735
1770941040,6865.5,6866.75,6865.5,6866.5,0,0,-546
1770941100,6866,6868.75,6864.75,6868.5,0,0,-55
1770941160,6868.25,6868.5,6865.5,6865.5,0,0,-337
1770941220,6865.5,6866.5,6864.5,6865.75,0,0,-177
1770941280,6865.75,6866.25,6864.75,6865.5,0,0,-384
1770941340,6865.25,6866.5,6865.25,6865.75,0,0,-215
1770941400,6866,6867.5,6865.25,6866.5,0,0,-32
1770941460,6866.25,6866.5,6864.25,6865.75,0,0,-320
1770941520,6865.5,6865.5,6862.75,6865.5,0,0,-722
1770941580,6865.25,6865.5,6864.75,6864.75,0,0,-863
1770941640,6864.75,6865,6863.75,6864,0,0,-977
1770941700,6863.75,6864.75,6863.75,6864,0,0,-812
1770941760,6863.75,6864.25,6862,6862.25,0,0,-1029
1770941820,6862,6863.25,6860.75,6863,0,0,-697
1770941880,6862.75,6862.75,6861,6861.5,0,0,-819
1770941940,6861.5,6862.5,6861.25,6861.75,0,0,-711
1770942000,6861.5,6862.75,6861.25,6862.25,0,0,-582
1770942060,6862.25,6864,6862,6862.5,0,0,-277
1770942120,6862.5,6862.75,6855.75,6859,0,0,-1391
1770942180,6859.25,6860.25,6858,6858.25,0,0,-1932
1770942240,6858.25,6859.75,6854.25,6855.5,0,0,-3293
1770942300,6855.5,6856,6850.75,6851.25,0,0,-4289
1770942360,6851.25,6853.5,6850.75,6851,0,0,-4663
1770942420,6851,6851.75,6849.5,6851.5,0,0,-4289
1770942480,6851.75,6852.25,6850.5,6852.25,0,0,-4162
1770942540,6852.25,6852.75,6851.25,6852.5,0,0,-4037
1770942600,6852.25,6852.75,6851.25,6852.75,0,0,-3929
1770942660,6852.25,6854.25,6851.75,6852.75,0,0,-3686
1770942720,6853,6854.75,6852.25,6854,0,0,-3469
1770942780,6854,6854,6851,6851.75,0,0,-3910
1770942840,6851.5,6853.5,6851.25,6851.5,0,0,-4037
1770942900,6851.75,6853,6851.5,6852.5,0,0,-3960
1770942960,6852.25,6853,6851,6852,0,0,-4187
1770943020,6852,6852.25,6851.25,6851.25,0,0,-4284
1770943080,6851.25,6851.5,6849.5,6850.5,0,0,-4616
1770943140,6850.75,6852.75,6850.75,6852.25,0,0,-4388
1770943200,6852.25,6853.75,6851.75,6853,0,0,-4072
1770943260,6853,6853.5,6850,6850,0,0,-4274
1770943320,6849.75,6850.5,6848.25,6849.5,0,0,-4552
1770943380,6849.5,6849.75,6846.5,6846.5,0,0,-5127
1770943440,6846.25,6847.75,6845.25,6846,0,0,-5721
1770943500,6846,6847,6844.5,6846.5,0,0,-5398
1770943560,6846.25,6847.5,6846,6847,0,0,-5245
1770943620,6847,6847.5,6840.25,6841.5,0,0,-6240
1770943680,6841.5,6844.25,6840.25,6843.75,0,0,-5456
1770943740,6843.25,6844.75,6842.75,6843.75,0,0,-5186
1770943800,6843.5,6846,6843.5,6845.75,0,0,-4709
1770943860,6845.75,6846,6842.5,6843.25,0,0,-5147
1770943920,6843.25,6845.75,6843.25,6845.25,0,0,-4938
1770943980,6845,6845,6840.75,6842.25,0,0,-5423
1770944040,6842,6845,6841.75,6842.25,0,0,-5142
1770944100,6842.5,6844.5,6842.25,6844.25,0,0,-4875
1770944160,6844.5,6845.5,6843.5,6845.25,0,0,-4547
1770944220,6845,6846.75,6844.75,6846.5,0,0,-4237
1770944280,6846.5,6847,6845.25,6845.5,0,0,-4616
1770944340,6845.5,6846.25,6844.75,6844.75,0,0,-4750
1770944400,6844.75,6850,6844.75,6847.75,0,0,-4124
1770944460,6847.75,6848.25,6846.75,6848,0,0,-3889
1770944520,6848,6850.5,6848,6849.5,0,0,-3690
1770944580,6849.25,6850.25,6849,6849.75,0,0,-3440
1770944640,6849.5,6852.75,6849,6852.5,0,0,-2927
1770944700,6852.5,6855,6851.25,6855,0,0,-2307
1770944760,6855,6856.75,6855,6855,0,0,-1815
1770944820,6854.75,6858.75,6854.5,6858,0,0,-1289
1770944880,6858.25,6859.25,6857.75,6858,0,0,-1735
1770944940,6857.75,6858.5,6856.75,6858,0,0,-1393
1770945000,6857.75,6858.5,6856.5,6858.25,0,0,-1171
1770945060,6858.25,6859,6857.75,6858.75,0,0,-1004
1770945120,6858.5,6859.25,6858,6858.75,0,0,-644
1770945180,6858.75,6859,6857.75,6858.75,0,0,-506
1770945240,6858.75,6859,6858.25,6858.5,0,0,-707
1770945300,6858.25,6860.25,6858.25,6858.75,0,0,-360
1770945360,6859,6859,6857,6857.75,0,0,-548
1770945420,6858,6860.5,6858,6860.5,0,0,-356
1770945480,6860.75,6860.75,6859.25,6860,0,0,-473
1770945540,6859.75,6860,6859,6859.25,0,0,-614
1770945600,6859,6859.75,6858.25,6859.25,0,0,-414
1770945660,6859.5,6859.5,6854.25,6856.25,0,0,-1045
1770945720,6856.25,6858.75,6854.25,6858.5,0,0,-352
1770945780,6859.25,6859.25,6854.25,6856,0,0,-1123
1770945840,6855.75,6856.25,6853.75,6853.75,0,0,-1519
1770945900,6853.75,6856,6853.5,6853.75,0,0,-1873
1770945960,6853.5,6854.75,6853,6854,0,0,-1717
1770946020,6854,6855.25,6853.75,6854.75,0,0,-1602
1770946080,6854.5,6857.75,6854.5,6857.5,0,0,-1249
1770946140,6857.75,6858.25,6856.5,6856.75,0,0,-1370
1770946200,6856.5,6858.5,6854.25,6857.75,0,0,-975
1770946260,6857.5,6858,6856.5,6856.75,0,0,-1157
1770946320,6856.5,6857.5,6856.25,6856.5,0,0,-1264
1770946380,6856.25,6858,6855.25,6857.75,0,0,-1140
1770946440,6857.5,6858.25,6857.25,6857.75,0,0,-1060
1770946500,6857.5,6858.25,6855.75,6856.25,0,0,-1231
1770946560,6856,6858,6855.5,6857.5,0,0,-1066
1770946620,6857.25,6857.5,6856.75,6857,0,0,-1132
1770946680,6856.75,6859,6856.75,6858.25,0,0,-1014
1770946740,6858.25,6859.5,6857.25,6858.5,0,0,-851
1770946800,6858.5,6859.5,6858.25,6858.5,0,0,-755
1770946860,6858.5,6859,6856.75,6857.25,0,0,-911
1770946920,6857.25,6858.75,6857.25,6857.5,0,0,-819
1770946980,6857.5,6858.5,6857.5,6857.75,0,0,-700
1770947040,6857.5,6857.75,6856.25,6857.25,0,0,-838
1770947100,6856.75,6857.25,6856.25,6857,0,0,-714
1770947160,6857,6857.5,6856,6857.5,0,0,-615
1770947220,6857.25,6859.5,6857.25,6859.25,0,0,-465
1770947280,6859,6859.75,6858.75,6859,0,0,-642
1770947340,6858.75,6859,6857.75,6858.75,0,0,-760
1770947400,6859,6860.75,6859,6860.25,0,0,-539
1770947460,6860.5,6861.5,6859.75,6860,0,0,-687
1770947520,6860,6860.5,6858.75,6859,0,0,-901
1770947580,6858.75,6859.75,6858.5,6858.5,0,0,-1069
1770947640,6858.5,6858.5,6855.5,6855.5,0,0,-1534
1770947700,6855.5,6856,6854.5,6854.5,0,0,-1727
1770947760,6854.75,6854.75,6851,6853.25,0,0,-2114
1770947820,6853,6853.25,6851.5,6853.25,0,0,-1955
1770947880,6853,6853.25,6851.25,6851.75,0,0,-2154
1770947940,6851.75,6855,6851.75,6854.5,0,0,-1834
1770948000,6854.5,6858.75,6854.5,6858.75,0,0,-1366
1770948060,6858.75,6860.5,6858.75,6859.5,0,0,-1080
1770948120,6859.5,6860.25,6859.25,6860.25,0,0,-962
1770948180,6860.25,6862.5,6859.25,6860.25,0,0,-569
1770948240,6860.25,6860.5,6859,6859.75,0,0,-754
1770948300,6859.25,6860.25,6858,6859.5,0,0,-423
1770948360,6859.75,6860.5,6858.75,6860.5,0,0,-278
1770948420,6860.5,6861.5,6860.25,6860.75,0,0,-69
1770948480,6860.75,6861.25,6860.5,6860.75,0,0,34
1770948540,6860.75,6861.75,6860.5,6861.25,0,0,163
1770948600,6861.5,6861.5,6860.5,6861.25,0,0,72
1770948660,6861.25,6862.25,6860.75,6861.75,0,0,230
1770948720,6862,6862.25,6861.25,6861.25,0,0,147
1770948780,6861.25,6862,6860.75,6862,0,0,250
1770948840,6862,6862,6861,6861,0,0,174
1770948900,6861,6861.25,6858.5,6859.25,0,0,-124
1770948960,6858.75,6858.75,6857.5,6858.25,0,0,-323
1770949020,6858.25,6859.5,6858,6858.5,0,0,-206
1770949080,6858.5,6859.5,6858,6858.75,0,0,-112
1770949140,6858.5,6859,6857.5,6858,0,0,-283
1770949200,6858.25,6858.25,6856.25,6857.25,0,0,-460
1770949260,6857,6857.5,6856.5,6857.25,0,0,-372
1770949320,6857.5,6859.5,6857,6857,0,0,-722
1770949380,6857,6858,6856.75,6857.75,0,0,-613
1770949440,6857.75,6858.25,6857.5,6858,0,0,-574
1770949500,6858,6858.75,6857,6857,0,0,-657
1770949560,6857,6857.25,6855.75,6856.75,0,0,-762
1770949620,6856.5,6858.5,6856.25,6858.5,0,0,-631
1770949680,6858.25,6859.5,6858.25,6859,0,0,-531
1770949740,6859.25,6859.5,6859,6859.25,0,0,-503
1770949800,6859.25,6860.75,6859.25,6860.5,0,0,-399
1770949860,6860.5,6862,6860.25,6861.25,0,0,-246
1770949920,6861.5,6862.25,6861.25,6861.75,0,0,-165
1770949980,6862,6862.25,6860.5,6860.5,0,0,-249
1770950040,6860.5,6861.75,6860.5,6861,0,0,-184
1770950100,6861,6861,6860.5,6860.75,0,0,-256
1770950160,6861,6861.75,6861,6861.25,0,0,-188
1770950220,6861.25,6861.75,6861,6861.5,0,0,-144
1770950280,6861.5,6861.5,6861,6861.25,0,0,-178
1770950340,6861.5,6862.25,6861.5,6861.75,0,0,-113
1770950400,6861.5,6861.75,6860,6860.25,0,0,-184
1770950460,6860.25,6860.75,6858.75,6860.5,0,0,78
1770950520,6860.75,6861.5,6860.75,6861,0,0,138
1770950580,6860.75,6860.75,6858,6859.25,0,0,-124
1770950640,6859.25,6859.25,6856.5,6858.25,0,0,-570
1770950700,6858,6859.25,6857,6858.25,0,0,-398
1770950760,6858.25,6858.25,6856.25,6857.25,0,0,-588
1770950820,6857.25,6858,6857,6857.25,0,0,-620
1770950880,6857.5,6858,6857,6857.75,0,0,-556
1770950940,6857.75,6858.25,6857.5,6858,0,0,-524
1770951000,6858,6859.25,6857.5,6858.5,0,0,-329
1770951060,6858.25,6858.25,6857.75,6857.75,0,0,-369
1770951120,6857.75,6858.5,6857.75,6858,0,0,-330
1770951180,6858,6858.25,6857.75,6857.75,0,0,-374
1770951240,6858,6858.5,6857.75,6858,0,0,-335
1770951300,6858,6858.75,6857.5,6857.5,0,0,-387
1770951360,6857.75,6859,6857.75,6858.75,0,0,-302
1770951420,6859,6859,6858.25,6858.25,0,0,-344
1770951480,6858.25,6858.25,6857.5,6857.5,0,0,-392
1770951540,6857.75,6858,6857,6857.5,0,0,-477
1770951600,6857.75,6859,6857.5,6858.75,0,0,-307
1770951660,6858.75,6858.75,6858,6858.5,0,0,-432
1770951720,6858.75,6859.75,6858,6859.75,0,0,-329
1770951780,6859.75,6860.5,6859.75,6860,0,0,-257
1770951840,6860.25,6861,6860,6860,0,0,-369
1770951900,6860,6860,6858.75,6859,0,0,-496
1770951960,6859,6859,6858,6858.5,0,0,-563
1770952020,6858.5,6858.75,6858.5,6858.5,0,0,-610
1770952080,6858.25,6858.25,6857.25,6857.75,0,0,-697
1770952140,6857.5,6858,6857.25,6857.5,0,0,-726
1770952200,6857.75,6857.75,6857.25,6857.5,0,0,-792
1770952260,6857.25,6858.5,6857.25,6858.5,0,0,-724
1770952320,6858.25,6858.25,6858,6858,0,0,-764
1770952380,6858,6858.75,6858,6858.5,0,0,-723
1770952440,6858.5,6858.5,6857,6857.25,0,0,-831
1770952500,6857.25,6858.25,6857.25,6858,0,0,-722
1770952560,6858.25,6858.5,6857.25,6858.25,0,0,-622
1770952620,6858,6858,6857.25,6857.25,0,0,-680
1770952680,6857.25,6857.25,6855.75,6856,0,0,-818
1770952740,6856,6856.25,6855.75,6856,0,0,-890
1770952800,6856,6856.25,6854.25,6854.5,0,0,-1170
1770952860,6854.5,6854.75,6853,6853.75,0,0,-1509
1770952920,6854,6854.25,6852.25,6852.75,0,0,-1608
1770952980,6852.5,6853.75,6852.5,6853.25,0,0,-1482
1770953040,6853,6853,6851.75,6852.25,0,0,-1859
1770953100,6852.25,6853.75,6852.25,6852.5,0,0,-1744
1770953160,6852.5,6853.25,6852.5,6852.5,0,0,-1696
1770953220,6852.5,6852.5,6852,6852,0,0,-1776
1770953280,6851.75,6852.5,6851.5,6851.75,0,0,-2008
1770953340,6851.5,6853,6851.5,6853,0,0,-1847
1770953400,6852.75,6854,6852.5,6853.5,0,0,-1678
1770953460,6853.5,6855,6853.25,6853.25,0,0,-1836
1770953520,6853.5,6854.25,6853,6854,0,0,-1754
1770953580,6854.25,6857,6854,6856,0,0,-1581
1770953640,6856,6856,6855,6855.25,0,0,-1664
1770953700,6855.5,6855.75,6854.75,6855.5,0,0,-1575
1770953760,6855.75,6856,6855,6855.75,0,0,-1505
1770953820,6855.5,6855.5,6854.25,6855.25,0,0,-1582
1770953880,6855.25,6855.5,6854.25,6855.25,0,0,-1635
1770953940,6855.25,6855.75,6854.5,6855.5,0,0,-1556
1770954000,6855.5,6855.5,6853.5,6854,0,0,-1625
1770954060,6854,6854,6852.75,6853.25,0,0,-1731
1770954120,6853.25,6854.5,6853.25,6853.75,0,0,-1661
1770954180,6853.75,6854.5,6853.75,6854,0,0,-1621
1770954240,6854.25,6855,6854.25,6854.25,0,0,-1577
1770954300,6854.25,6855,6854,6854.75,0,0,-1541
1770954360,6854.75,6854.75,6853,6853,0,0,-1648
1770954420,6853,6853,6851.5,6851.5,0,0,-1830
1770954480,6851.75,6852.5,6851.5,6852.5,0,0,-1680
1770954540,6852.25,6853,6852,6852,0,0,-1735
1770954600,6852,6853,6852,6853,0,0,-1680
1770954660,6852.75,6852.75,6852,6852,0,0,-1738
1770954720,6852,6852.25,6851.5,6851.75,0,0,-1869
1770954780,6851.75,6852.5,6851.75,6851.75,0,0,-1948
1770954840,6851.5,6851.75,6847.75,6848.5,0,0,-2534
1770954900,6848.25,6848.25,6846.5,6847.25,0,0,-2748
1770954960,6847,6848.75,6846.75,6848.25,0,0,-2571
1770955020,6848,6848.75,6847,6847.25,0,0,-2694
1770955080,6847,6848.25,6846.75,6848.25,0,0,-2611
1770955140,6848.25,6848.25,6847,6847,0,0,-2752
1770955200,6847.25,6847.5,6846,6846.5,0,0,-2962
1770955260,6846.5,6847.5,6845.75,6847.5,0,0,-2743
1770955320,6847.5,6848,6847.25,6847.75,0,0,-2654
1770955380,6847.75,6847.75,6846.75,6847,0,0,-2765
1770955440,6847,6847.5,6847,6847.25,0,0,-2707
1770955500,6847.5,6848.5,6847,6848.5,0,0,-2625
1770955560,6848.25,6849,6847.75,6848.5,0,0,-2495
1770955620,6848.25,6849.25,6847.75,6848,0,0,-2605
1770955680,6847.75,6848,6847.25,6847.5,0,0,-2685
1770955740,6847.25,6848,6847,6848,0,0,-2641
1770955800,6848.25,6849,6847.75,6849,0,0,-2594
1770955860,6849,6850.25,6849,6849.75,0,0,-2432
1770955920,6850,6850.25,6849,6849.25,0,0,-2501
1770955980,6849.25,6849.75,6849,6849.75,0,0,-2406
1770956040,6849.5,6851.25,6849.25,6851,0,0,-2222
1770956100,6851,6853.75,6851,6853.75,0,0,-2056
1770956160,6854,6856.5,6854,6856.5,0,0,-1649
1770956220,6856.5,6858,6856.25,6857.25,0,0,-1284
1770956280,6857,6857,6854.25,6855.25,0,0,-1619
1770956340,6854.75,6855.5,6854.25,6854.25,0,0,-1720
1770956400,6854.5,6854.5,6852.75,6852.75,0,0,-1797
1770956460,6853,6853.5,6852.25,6853.25,0,0,-1699
1770956520,6853.25,6853.5,6852.75,6853,0,0,-1754
1770956580,6853,6854.25,6852.75,6854,0,0,-1670
1770956640,6854,6855.5,6853.75,6853.75,0,0,-1806
1770956700,6853.75,6854.5,6853.75,6854.25,0,0,-1731
1770956760,6854,6855,6854,6854.75,0,0,-1657
1770956820,6854.75,6855.25,6854,6854.5,0,0,-1738
1770956880,6854.75,6855.25,6854.5,6855,0,0,-1679
1770956940,6855.25,6855.25,6854.75,6854.75,0,0,-1759
1770957000,6854.5,6854.75,6854.5,6854.5,0,0,-1808
1770957060,6854.75,6854.75,6854.25,6854.75,0,0,-1761
1770957120,6855,6855,6852.5,6852.75,0,0,-1876
1770957180,6852.75,6852.75,6851.75,6852,0,0,-1986
1770957240,6852,6852.25,6851.25,6851.25,0,0,-2106
1770957300,6851.5,6851.75,6850.75,6851,0,0,-2193
1770957360,6851,6851.25,6850.25,6851,0,0,-2289
1770957420,6851.25,6852,6851.25,6851.75,0,0,-2199
1770957480,6851.75,6852.25,6850,6850.25,0,0,-2281
1770957540,6850,6850.25,6848.75,6849.5,0,0,-2406
1770957600,6849.5,6850.5,6849.25,6849.5,0,0,-2498
1770957660,6849.25,6851,6849.25,6850,0,0,-2395
1770957720,6850.25,6851.75,6850,6850,0,0,-2632
1770957780,6850,6850,6849,6849.5,0,0,-2740
1770957840,6849.5,6849.75,6849,6849.5,0,0,-2797
1770957900,6849.75,6851,6849.5,6849.75,0,0,-2678
1770957960,6849.75,6850.5,6849.5,6850.5,0,0,-2621
1770958020,6850.25,6850.25,6848.75,6848.75,0,0,-2728
1770958080,6848.5,6849.5,6848,6849.25,0,0,-2636
1770958140,6849.5,6849.5,6849,6849.5,0,0,-2546
1770958200,6849.5,6850.75,6849.5,6850,0,0,-2417
1770958260,6850,6850.25,6848.25,6848.5,0,0,-2549
1770958320,6848.5,6849,6847.75,6848,0,0,-2693
1770958380,6848.25,6848.75,6848.25,6848.75,0,0,-2594
1770958440,6848.75,6849.25,6848.5,6848.75,0,0,-2541
1770958500,6848.75,6850.5,6848.5,6850.25,0,0,-2452
1770958560,6850.5,6850.5,6849.75,6850.5,0,0,-2361
1770958620,6850.75,6850.75,6849.25,6849.25,0,0,-2423
1770958680,6849,6849.75,6848.5,6849.75,0,0,-2297
1770958740,6849.25,6849.5,6848.75,6848.75,0,0,-2352
1770958800,6849,6849.5,6848,6848,0,0,-2482
1770958860,6848,6849,6846.75,6848.75,0,0,-2320
1770958920,6848.75,6849.25,6848.25,6849,0,0,-2272
1770958980,6849,6850,6849,6849.75,0,0,-2159
1770959040,6850,6851,6850,6850.25,0,0,-2049
1770959100,6850,6850.5,6848.5,6848.75,0,0,-2116
1770959160,6849,6849,6848,6848.5,0,0,-2181
1770959220,6848.25,6848.25,6847.25,6848,0,0,-2245
1770959280,6848,6849.25,6848,6848.25,0,0,-2198
1770959340,6848.25,6850,6848.25,6849.5,0,0,-2065
1770959400,6849.5,6849.5,6848,6849,0,0,-2201
1770959460,6849,6849,6847.75,6848,0,0,-2264
1770959520,6847.75,6847.75,6846.75,6847.5,0,0,-2340
1770959580,6847.5,6848,6847.5,6847.5,0,0,-2397
1770959640,6847.5,6847.75,6846.5,6846.5,0,0,-2460
1770959700,6846.5,6847,6843.5,6843.5,0,0,-2940
1770959760,6843.5,6845.25,6843.5,6845,0,0,-2657
1770959820,6844.75,6845.25,6843,6843.25,0,0,-2832
1770959880,6843.25,6844.75,6843,6843.75,0,0,-2736
1770959940,6844,6844.5,6843.75,6844,0,0,-2650
1770960000,6844,6844.25,6843,6844,0,0,-2503
1770960060,6843.75,6843.75,6842.5,6843.5,0,0,-2585
1770960120,6843.5,6843.75,6841.5,6842.75,0,0,-2814
1770960180,6843.25,6844.25,6842.75,6844,0,0,-2705
1770960240,6844,6844,6839.5,6839.75,0,0,-3806
1770960300,6839.75,6840.75,6838.75,6839.75,0,0,-4211
1770960360,6839.5,6839.5,6836.25,6837.5,0,0,-4693
1770960420,6837.5,6837.75,6836.25,6837.5,0,0,-4906
1770960480,6837.5,6838.5,6837.5,6838,0,0,-4698
1770960540,6837.75,6837.75,6836,6836.75,0,0,-4933
1770960600,6836.75,6838,6836.75,6837.25,0,0,-4710
1770960660,6837,6838.5,6836.5,6837,0,0,-4909
1770960720,6836.75,6838.25,6835,6838,0,0,-4161
1770960780,6838.25,6839.25,6837,6839,0,0,-3903
1770960840,6839,6839,6838,6838,0,0,-4039
1770960900,6838.25,6838.5,6837.25,6838.5,0,0,-3890
1770960960,6838,6841.5,6837.5,6841,0,0,-3618
1770961020,6841,6841.25,6837.5,6837.75,0,0,-3884
1770961080,6837.5,6839,6837,6837.75,0,0,-3587
1770961140,6837.5,6837.75,6836.25,6836.5,0,0,-3846
1770961200,6836.75,6837,6835.25,6835.25,0,0,-4068
1770961260,6835.75,6838,6835,6837.5,0,0,-3628
1770961320,6837.75,6840.25,6837.5,6840.25,0,0,-3402
1770961380,6840.5,6840.5,6838,6838.25,0,0,-3598
1770961440,6838.25,6838.75,6837,6838.5,0,0,-3527
1770961500,6838.25,6840.5,6838.25,6839,0,0,-3346
1770961560,6838.75,6839.75,6838.25,6839.25,0,0,-3230
1770961620,6839.25,6841.25,6839.25,6840.75,0,0,-3091
1770961680,6841.25,6842.25,6840,6840.25,0,0,-3367
1770961740,6840.5,6841.5,6840.25,6841,0,0,-3190
1770961800,6841,6841,6839,6839.75,0,0,-3354
1770961860,6839.75,6841,6839.75,6840.25,0,0,-3163
1770961920,6840,6840,6838.5,6838.5,0,0,-3277
1770961980,6838.75,6838.75,6837.25,6837.75,0,0,-3437
1770962040,6838,6838.25,6836,6836,0,0,-3620
1770962100,6836,6839.25,6836,6839.25,0,0,-3466
1770962160,6839.25,6840.75,6838.75,6839.5,0,0,-3331
1770962220,6839.75,6840.75,6839.25,6839.5,0,0,-3463
1770962280,6839.25,6840,6838,6838.5,0,0,-3657
1770962340,6838.5,6838.5,6837.25,6838,0,0,-3785
1770962400,6838,6839.5,6837.75,6838,0,0,-3951
1770962460,6838.25,6839,6836.5,6837.75,0,0,-4132
1770962520,6837.75,6840.75,6837.75,6840.5,0,0,-3956
1770962580,6840.25,6841.5,6837.75,6838.75,0,0,-4165
1770962640,6838.75,6840,6837.5,6837.5,0,0,-4311
1770962700,6837.5,6839,6837.5,6839,0,0,-4221
1770962760,6839,6840.25,6839,6840.25,0,0,-4124
1770962820,6840.25,6841,6839.5,6839.75,0,0,-4240
1770962880,6839.75,6840.25,6839,6839,0,0,-4334
1770962940,6839.25,6840.5,6839,6839.5,0,0,-4258
1770963000,6840,6841.5,6839.5,6841,0,0,-4121
1770963060,6840.75,6841,6839.5,6840,0,0,-4332
1770963120,6840.25,6840.5,6837.75,6838,0,0,-4516
1770963180,6838.25,6839.75,6838.25,6839,0,0,-4425
1770963240,6839.25,6839.5,6838.5,6838.75,0,0,-4484
1770963300,6839,6840,6837.5,6838,0,0,-4667
1770963360,6838.25,6840.25,6838.25,6839.75,0,0,-4482
1770963420,6839.5,6840.75,6839.25,6840.5,0,0,-4347
1770963480,6840.5,6841.75,6840.25,6840.5,0,0,-4190
1770963540,6840.5,6841.25,6840.25,6840.75,0,0,-4084
1770963600,6841,6841,6840,6840.25,0,0,-4175
1770963660,6840.5,6840.75,6838.5,6838.75,0,0,-4478
1770963720,6838.75,6838.75,6835.25,6835.5,0,0,-4785
1770963780,6835.5,6836.5,6835,6836.25,0,0,-4575
1770963840,6836.5,6837.25,6835.75,6836.25,0,0,-4721
1770963900,6836.25,6836.25,6833,6833.25,0,0,-5310
1770963960,6833.25,6833.25,6830.5,6831.75,0,0,-6304
1770964020,6832,6833.25,6831.75,6831.75,0,0,-6614
1770964080,6831.5,6832.5,6831,6831.25,0,0,-6870
1770964140,6831.25,6832.5,6830.75,6832.5,0,0,-6477
1770964200,6832.5,6833,6828.5,6829,0,0,-7201
1770964260,6829,6830.75,6827.75,6830.75,0,0,-6455
1770964320,6830.5,6831,6827.75,6828.5,0,0,-6801
1770964380,6828.25,6830.25,6827.5,6829.75,0,0,-6456
1770964440,6829.75,6831.25,6829,6830.5,0,0,-6140
1770964500,6830.5,6830.75,6828.25,6828.25,0,0,-6269
1770964560,6828,6828,6825.5,6826,0,0,-6831
1770964620,6826,6826.75,6824.25,6825.25,0,0,-7400
1770964680,6825.25,6826.5,6825,6825.75,0,0,-7228
1770964740,6825.75,6828.25,6825.5,6827.75,0,0,-6874
1770964800,6827.5,6829.25,6826.75,6828.5,0,0,-6506
1770964860,6828.5,6829.5,6828.25,6829.25,0,0,-6275
1770964920,6829.25,6829.5,6827.25,6827.25,0,0,-6466
1770964980,6827.25,6829.75,6827.25,6829.5,0,0,-6328
1770965040,6829.25,6829.25,6828.25,6828.75,0,0,-6404
1770965100,6829.25,6829.5,6828,6828.25,0,0,-6595
1770965160,6828.5,6832.25,6828.5,6832,0,0,-6359
1770965220,6832,6832.25,6829.25,6829.5,0,0,-6525
1770965280,6829.75,6832.5,6829,6832.25,0,0,-6351
1770965340,6832,6833.25,6831.75,6833,0,0,-5987
1770965400,6833,6835.25,6833,6835.25,0,0,-5798
1770965460,6835.5,6836,6835.25,6835.75,0,0,-5661
1770965520,6835.5,6836.75,6835.5,6836.5,0,0,-5510
1770965580,6836.5,6837.25,6836.5,6836.75,0,0,-5446
1770965640,6836.75,6837.5,6836.5,6837,0,0,-5320
1770965700,6837.25,6838.25,6837.25,6837.75,0,0,-5162
1770965760,6837.75,6839.25,6837.5,6838.25,0,0,-5013
1770965820,6838.25,6839.75,6838,6839.5,0,0,-4876
1770965880,6839.25,6839.5,6838.5,6838.75,0,0,-4971
1770965940,6838.75,6839,6837,6838,0,0,-5199
1770966000,6838,6843.5,6838,6843.5,0,0,-4674
1770966060,6843,6843.25,6840.5,6842.25,0,0,-5056
1770966120,6842.25,6842.75,6840.75,6841,0,0,-5231
1770966180,6841.25,6842.25,6840.5,6841,0,0,-5456
1770966240,6841.25,6841.5,6839.5,6840,0,0,-5715
1770966300,6840,6840.75,6839.5,6839.75,0,0,-5843
1770966360,6839.75,6841.25,6838.5,6841,0,0,-5618
1770966420,6841,6841.5,6840.25,6841.5,0,0,-5448
1770966480,6841.75,6843.75,6841.75,6842.75,0,0,-4961
1770966540,6842.75,6842.75,6841,6842.75,0,0,-4723
1770966600,6843,6844,6841.75,6844,0,0,-4497
1770966660,6844,6844.25,6843.25,6843.5,0,0,-4696
1770966720,6843.75,6844.5,6842.5,6844.25,0,0,-4488
1770966780,6844,6844,6843.5,6843.5,0,0,-4602
1770966840,6843.5,6845,6842.5,6842.75,0,0,-4886
1770966900,6843,6844,6842.75,6843,0,0,-4683
1770966960,6843.5,6845,6843.5,6843.75,0,0,-4476
1770967020,6844,6846.5,6844,6846,0,0,-4070
1770967080,6846,6846.5,6844.25,6845,0,0,-4258
1770967140,6845,6845.5,6844.75,6845.25,0,0,-4176
1770967200,6845.25,6845.25,6844,6844.75,0,0,-4251
1770967260,6845.5,6847,6845.5,6845.75,0,0,-3988
1770967320,6845.5,6845.5,6844.75,6845,0,0,-4073
1770967380,6844.75,6845.25,6844,6844.75,0,0,-4173
1770967440,6845.25,6847,6845,6846.75,0,0,-4022
1770967500,6846.75,6847.5,6844,6844,0,0,-4257
1770967560,6844.25,6845.5,6844.25,6845,0,0,-4047
1770967620,6845,6845.25,6844,6844.25,0,0,-4399
1770967680,6844.75,6844.75,6843.25,6843.25,0,0,-4489
1770967740,6843,6843.5,6842.75,6843,0,0,-4582
1770967800,6843,6843.75,6841.75,6842.25,0,0,-4840
1770967860,6842.25,6843.75,6842.25,6843.75,0,0,-4732
1770967920,6843.5,6843.75,6843,6843,0,0,-4804
1770967980,6842.75,6843,6842,6842,0,0,-4903
1770968040,6842,6844,6841,6843.75,0,0,-4690
1770968100,6843.5,6843.75,6840,6842.25,0,0,-5229
1770968160,6842.25,6842.5,6841,6841.5,0,0,-5351
1770968220,6841.25,6842,6840.5,6840.75,0,0,-5461
1770968280,6840.5,6840.75,6838.25,6840.75,0,0,-5220
1770968340,6841,6841.5,6839.25,6839.5,0,0,-5360
1770968400,6839.5,6839.75,6838.75,6839,0,0,-5453
1770968460,6839.25,6839.75,6839,6839.75,0,0,-5362
1770968520,6839.75,6841,6839.75,6840.25,0,0,-5227
1770968580,6840.25,6840.75,6839.5,6839.5,0,0,-5399
1770968640,6839.5,6840.75,6839.5,6839.5,0,0,-5614
1770968700,6839.75,6840.25,6838.75,6839.5,0,0,-5839
1770968760,6839.75,6840,6839,6839.75,0,0,-5736
1770968820,6839.75,6840.25,6839.25,6839.25,0,0,-5774
1770968880,6839.25,6840,6838.75,6839.25,0,0,-5894
1770968940,6839.5,6840,6839.25,6839.25,0,0,-5949
1770969000,6839.25,6839.5,6837.25,6838.25,0,0,-6100
1770969060,6838.25,6838.25,6837,6837,0,0,-6245
1770969120,6837.25,6838,6836.75,6837.5,0,0,-6124
1770969180,6837.75,6837.75,6836.75,6837.5,0,0,-6218
1770969240,6837.5,6841.5,6837.5,6841.5,0,0,-6008
1770969300,6841.25,6842,6839.75,6840.75,0,0,-6185
1770969360,6840.5,6841.75,6840.5,6841.25,0,0,-6015
1770969420,6841.5,6841.5,6839.5,6839.5,0,0,-6104
1770969480,6839.75,6843.5,6839.75,6843.5,0,0,-5779
1770969540,6843.5,6843.75,6842.25,6843.25,0,0,-6231
1770969600,6843.5,6845.25,6842.25,6844.25,0,0,-5643
1770969660,6844,6844.5,6840.75,6841,0,0,-6072
1770969720,6841,6841.25,6838.5,6839.75,0,0,-6442
1770969780,6839.75,6843.75,6839.75,6843.75,0,0,-6069
1770969840,6843.75,6846,6843,6845.5,0,0,-5574
1770969900,6845.75,6848,6845.25,6848,0,0,-4565
1770969960,6848,6849,6847.25,6848.25,0,0,-3969
1770970020,6848.25,6849.75,6847.75,6848.5,0,0,-3499
1770970080,6848.5,6848.5,6846,6847.25,0,0,-4011
1770970140,6847.25,6848.25,6845.5,6847.5,0,0,-3676
1770970200,6847.5,6848,6844.5,6846.5,0,0,-4117
1770970260,6846.5,6847,6845.5,6846.5,0,0,-4338
1770970320,6846.5,6847,6845,6846,0,0,-4631
1770970380,6846.25,6846.5,6841.75,6842.25,0,0,-5010
1770970440,6842,6842.25,6839.25,6840,0,0,-6216
1770970500,6839.75,6840.75,6838.5,6839.25,0,0,-6547
1770970560,6839,6839,6834.25,6835.75,0,0,-7533
1770970620,6835.5,6835.5,6829.5,6829.75,0,0,-8502
1770970680,6829.75,6832.5,6829.25,6830,0,0,-7690
1770970740,6830.25,6830.75,6827.5,6828.75,0,0,-8680
1770970800,6829,6830.75,6828,6829,0,0,-8079
1770970860,6829,6833.5,6828.5,6832.75,0,0,-7600
1770970920,6832.75,6835.5,6832.75,6835.25,0,0,-7220
1770970980,6835.5,6837.75,6835,6837.75,0,0,-6782
1770971040,6837.75,6838.25,6835,6838,0,0,-6411
1770971100,6838,6843.5,6838,6843,0,0,-5906
1770971160,6843,6843.5,6841,6841.5,0,0,-6563
1770971220,6841.5,6842.5,6840,6841.25,0,0,-6924
1770971280,6841.5,6843,6840.75,6841.5,0,0,-6660
1770971340,6841.75,6842.5,6841.25,6842.25,0,0,-6423
1770971400,6842,6842.75,6839.75,6840.25,0,0,-6757
1770971460,6840.25,6842.25,6838.75,6842,0,0,-6457
1770971520,6842.25,6843.5,6841.5,6842,0,0,-6727
1770971580,6841.75,6845.5,6841.5,6845.25,0,0,-6235
1770971640,6845.25,6845.25,6844,6844.25,0,0,-6608
1770971700,6844.25,6845,6843,6845,0,0,-6436
1770971760,6845.25,6845.25,6841,6841,0,0,-6646
1770971820,6840.75,6842.25,6840.5,6841,0,0,-6207
1770971880,6841,6841.25,6838.75,6838.75,0,0,-6489
1770971940,6839,6840,6837.25,6838.5,0,0,-6804
1770972000,6838.5,6840.25,6838.5,6839.75,0,0,-6349
1770972060,6839.75,6841.75,6839.75,6840.25,0,0,-6083
1770972120,6840,6840.75,6838,6840.25,0,0,-5783
1770972180,6840.5,6843.5,6840.5,6843.25,0,0,-5437
1770972240,6843.25,6844.25,6843,6843.75,0,0,-5100
1770972300,6844,6847,6844,6846.5,0,0,-4564
1770972360,6846.25,6849.5,6845.75,6848.25,0,0,-3822
1770972420,6848.25,6848.25,6845.75,6847.75,0,0,-4059
1770972480,6847.75,6849,6847.5,6848,0,0,-3795
1770972540,6848,6848,6846.25,6846.75,0,0,-4102
1770972600,6846.75,6849.5,6846.75,6849.5,0,0,-3711
1770972660,6849.25,6849.25,6847.5,6848,0,0,-4010
1770972720,6848,6848,6845.25,6845.75,0,0,-4425
1770972780,6845.75,6847.5,6845.25,6846.75,0,0,-4029
1770972840,6847,6847.75,6846.5,6847,0,0,-3643
1770972900,6847,6847.25,6846,6846.25,0,0,-3900
1770972960,6846.5,6846.75,6845.5,6845.75,0,0,-4222
1770973020,6845.75,6847,6845.75,6845.75,0,0,-4408
1770973080,6845.75,6846,6845.5,6845.5,0,0,-4696
1770973140,6845.5,6845.75,6843.75,6845.75,0,0,-4085
1770973200,6845.75,6846.75,6844.5,6845.75,0,0,-3574
1770973260,6845.75,6845.75,6843.25,6843.5,0,0,-3907
1770973320,6843.5,6844,6840,6840.25,0,0,-4968
1770973380,6840,6840.25,6838.25,6838.75,0,0,-5309
1770973440,6838.5,6838.5,6837,6837.75,0,0,-5598
1770973500,6837.5,6840.75,6837.5,6838.25,0,0,-5233
1770973560,6838,6839.5,6837.25,6839.25,0,0,-4893
1770973620,6839.25,6842.25,6839.25,6840.5,0,0,-4648
1770973680,6840.5,6843.25,6839,6843,0,0,-4026
1770973740,6843.25,6845.5,6842.75,6844,0,0,-3410
1770973800,6844.25,6845.5,6843,6845,0,0,-3198
1770973860,6844.75,6846,6843.5,6845.5,0,0,-3010
1770973920,6845.75,6847,6845.5,6846.25,0,0,-2824
1770973980,6846,6846.25,6844.5,6844.75,0,0,-3010
1770974040,6844.75,6845,6842.75,6843,0,0,-3238
1770974100,6842.75,6844.5,6842.5,6844.25,0,0,-3078
1770974160,6844.5,6849,6844.5,6847.25,0,0,-2763
1770974220,6847,6848.5,6846,6848,0,0,-2536
1770974280,6848.25,6849.5,6847.75,6849.25,0,0,-2170
1770974340,6849,6850,6848.5,6849.5,0,0,-1917
1770974400,6849.5,6851.25,6849.25,6849.5,0,0,-1546
1770974460,6849.5,6852.25,6849.5,6851.75,0,0,-1245
1770974520,6851.75,6851.75,6850.5,6851.25,0,0,-1536
1770974580,6850.75,6851.25,6849.5,6851,0,0,-1160
1770974640,6851,6853.75,6851,6852,0,0,-611
1770974700,6851.75,6853,6851.5,6852.5,0,0,-346
1770974760,6852.25,6854.5,6852,6854,0,0,-8
1770974820,6854,6854,6852.25,6852.75,0,0,-211
1770974880,6852.75,6853.25,6852.25,6853,0,0,-12
1770974940,6852.75,6852.75,6851.25,6851.5,0,0,-201
1770975000,6851.5,6851.75,6849.75,6851.75,0,0,91
1770975060,6851.5,6851.75,6850.75,6851.75,0,0,347
1770975120,6851.5,6852.25,6850.75,6852,0,0,627
1770975180,6852,6853,6851.5,6852.5,0,0,943
1770975240,6852.25,6852.75,6851.5,6851.75,0,0,473
1770975300,6852,6852.25,6851.25,6851.5,0,0,332
1770975360,6851.5,6852,6850.25,6851,0,0,224
1770975420,6850.75,6852.5,6850.75,6851.75,0,0,473
1770975480,6851.75,6852,6850.5,6851,0,0,359
1770975540,6851,6851.5,6850.25,6851,0,0,71
1770975600,6851,6853,6851,6851.25,0,0,327
1770975660,6851,6853.75,6851,6853.25,0,0,775
1770975720,6853.25,6853.5,6852,6852,0,0,585
1770975780,6852,6852,6850.25,6851.5,0,0,340
1770975840,6851.25,6851.25,6849.75,6850,0,0,52
1770975900,6850.25,6851.5,6850,6850.5,0,0,292
1770975960,6850.5,6851.5,6850.5,6851.5,0,0,458
1770976020,6851.75,6853.75,6851.75,6853.25,0,0,733
1770976080,6853.25,6854.25,6853,6853.25,0,0,990
1770976140,6853,6853.5,6852,6852.75,0,0,757
1770976200,6852.75,6854.5,6852.75,6854,0,0,1036
1770976260,6853.75,6853.75,6851.5,6851.5,0,0,804
1770976320,6851.5,6852,6851.25,6851.25,0,0,624
1770976380,6851,6852,6850.25,6851,0,0,377
1770976440,6851,6851.25,6847.75,6848.25,0,0,113
1770976500,6848.25,6848.25,6845.25,6845.75,0,0,-2600
1770976560,6846,6848.25,6846,6848,0,0,-2318
1770976620,6848,6848.5,6846.75,6847.5,0,0,-2775
1770976680,6847.5,6847.5,6845.25,6846,0,0,-2933
1770976740,6845.75,6847,6845.5,6846.75,0,0,-2745
1770976800,6846.5,6847.5,6846,6847,0,0,-2539
1770976860,6847,6850,6847,6849,0,0,-2237
1770976920,6848.75,6849.25,6847.25,6848.5,0,0,-2450
1770976980,6848.25,6848.25,6846.75,6848.25,0,0,-2699
1770977040,6848.25,6849.25,6848,6848.75,0,0,-2565
1770977100,6848.75,6849.75,6848,6848,0,0,-2775
1770977160,6848,6848.75,6847.5,6848.5,0,0,-2678
1770977220,6848.75,6848.75,6846.5,6847,0,0,-2889
1770977280,6847,6847.5,6845.25,6845.75,0,0,-3313
1770977340,6845.75,6846,6844.5,6844.75,0,0,-3668
1770977400,6844.75,6847.25,6844.75,6847.25,0,0,-3385
1770977460,6847.5,6850.5,6847,6848.75,0,0,-3076
1770977520,6848.75,6848.75,6848,6848.25,0,0,-3216
1770977580,6848.5,6849.5,6848,6848.25,0,0,-3359
1770977640,6848.25,6850.25,6848.25,6850,0,0,-3183
1770977700,6850.25,6851,6849.25,6849.5,0,0,-3438
1770977760,6849.5,6850,6848.5,6850,0,0,-3235
1770977820,6849.75,6850,6849.25,6850,0,0,-3133
1770977880,6850.25,6850.75,6849.25,6850.75,0,0,-2947
1770977940,6850.75,6851,6850,6851,0,0,-2786
1770978000,6851.25,6852.75,6850.75,6852,0,0,-2507
1770978060,6852.25,6853.25,6851.5,6853.25,0,0,-2189
1770978120,6853.5,6853.5,6852.25,6853,0,0,-2462
1770978180,6853.25,6853.25,6852,6853,0,0,-2731
1770978240,6852.75,6853,6852,6852.75,0,0,-2951
1770978300,6852.75,6853.75,6852.5,6853.75,0,0,-2698
1770978360,6853.5,6853.75,6852.5,6853,0,0,-2923
1770978420,6853,6853,6852,6852,0,0,-3194
1770978480,6851.75,6852,6850.25,6850.5,0,0,-3354
1770978540,6850.5,6851,6850,6850.75,0,0,-3250
1770978600,6851,6851.75,6850.5,6850.75,0,0,-3380
1770978660,6851,6851,6850,6850,0,0,-3489
1770978720,6850,6850,6848.75,6849.75,0,0,-3644
1770978780,6849.75,6849.75,6847.75,6848,0,0,-3781
1770978840,6848.25,6849.25,6847.25,6847.5,0,0,-3941
1770978900,6847,6847,6844.5,6845.25,0,0,-4205
1770978960,6845,6846,6844.75,6845.25,0,0,-4075
1770979020,6845.5,6847.5,6845.5,6846.75,0,0,-3922
1770979080,6846.75,6848,6846.75,6847,0,0,-3764
1770979140,6846.75,6847,6845,6845,0,0,-3872
1770979200,6845.25,6847.75,6844.25,6846,0,0,-2932
1770979260,6846,6848.75,6845.75,6848.75,0,0,-2359
1770979320,6848.5,6848.5,6845.25,6846.25,0,0,-2727
1770979380,6846.75,6847.5,6846,6846.75,0,0,-2547
1770979440,6846.75,6846.75,6844.5,6845.5,0,0,-2684
1770979500,6845.5,6846.25,6844.25,6844.75,0,0,-2806
1770979560,6844.5,6845.75,6844,6845,0,0,-2611
1770979620,6845,6847,6845,6845.5,0,0,-2353
1770979680,6845.25,6845.5,6843,6843.25,1,0,-2623
1770979740,6843.25,6844,6843,6843.75,0,0,-2415
1770979800,6843.75,6843.75,6840.75,6841.75,0,0,-2904
1770979860,6841.75,6842.75,6838.75,6839,0,0,-3686
1770979920,6839,6840.5,6838.25,6840.25,0,0,-3377
1770979980,6840.25,6843,6840,6842,0,0,-3049
1770980040,6841.75,6842.75,6841.25,6842.25,0,0,-2809
1770980100,6842.25,6842.5,6841.25,6841.75,0,0,-2988
1770980160,6841.5,6841.5,6838.75,6839.5,0,0,-3195
1770980220,6839.5,6840,6838.75,6839.25,0,0,-3380
1770980280,6839.25,6839.75,6838,6838,0,0,-3619
1770980340,6838.25,6838.75,6837.75,6838,0,0,-3842
1770980400,6838.25,6839.75,6836.5,6837,0,0,-4179
1770980460,6836.75,6837.25,6834.25,6834.75,0,0,-4619
1770980520,6834.75,6836.5,6834.75,6835.25,0,0,-4408
1770980580,6835.25,6836.25,6834,6834.25,0,0,-4578
1770980640,6834,6834.5,6833,6833.25,0,0,-4837
1770980700,6833,6835.5,6832.75,6833.5,0,0,-4490
1770980760,6833.25,6833.5,6832.5,6833.25,0,0,-4908
1770980820,6833.5,6834.75,6832,6832.5,0,0,-5127
1770980880,6832.5,6832.5,6830.5,6831,0,0,-5596
1770980940,6831,6831.75,6829.5,6830.25,0,0,-5956
1770981000,6830.25,6830.75,6829.25,6829.5,0,0,-6236
1770981060,6829.75,6830.75,6828.75,6829.75,0,0,-5815
1770981120,6829.75,6831.5,6828,6829.5,0,0,-6140
1770981180,6829.5,6831.75,6828.75,6830.5,0,0,-5849
1770981240,6830.25,6830.5,6828,6828.5,0,0,-6168
1770981300,6828.25,6828.5,6825,6827.25,0,0,-6811
1770981360,6827,6830.25,6826.75,6830,0,0,-6201
1770981420,6829.75,6830.75,6828.5,6828.75,0,0,-6771
1770981480,6829,6830.5,6828,6830.25,0,0,-6358
1770981540,6830.5,6833.25,6830.5,6833,0,0,-6044
1770981600,6832.5,6832.75,6829.75,6831.5,0,0,-6321
1770981660,6831.25,6831.25,6828,6828,0,0,-6636
1770981720,6828.25,6828.75,6825.5,6828.5,0,0,-6097
1770981780,6828.5,6829.5,6825.75,6826,0,0,-6560
1770981840,6826.5,6826.75,6824.25,6825.75,0,0,-7081
1770981900,6825.75,6828,6824.25,6826.5,0,0,-6518
1770981960,6826.25,6829.5,6825.75,6828.75,0,0,-5997
1770982020,6829,6830,6827,6829.25,0,0,-5466
1770982080,6829.25,6831,6828.75,6831,0,0,-5120
1770982140,6831,6831.25,6827,6827.75,0,0,-5762
1770982200,6827.5,6828.25,6820.75,6821.5,0,0,-6950
1770982260,6821.5,6822.5,6820,6822,0,0,-5904
1770982320,6822.5,6823,6821.25,6822,0,0,-6516
1770982380,6822,6827,6821.5,6826.5,0,0,-5867
1770982440,6826.5,6831.5,6825.75,6831,0,0,-4985
1770982500,6830.75,6835.75,6830,6835.25,0,0,-4167
1770982560,6835.25,6835.5,6832,6832.25,0,0,-4997
1770982620,6832.75,6833.25,6830.25,6831.25,0,0,-5471
1770982680,6831,6834.5,6830.75,6832.75,0,0,-5156
1770982740,6832.75,6832.75,6831.25,6831.5,0,0,-5370
1770982800,6831.75,6832,6830.25,6831.75,0,0,-5106
1770982860,6831.75,6833.75,6831.25,6831.5,0,0,-5462
1770982920,6831.75,6833.5,6830.5,6831,0,0,-5689
1770982980,6831.25,6831.5,6828.25,6831.5,0,0,-5226
1770983040,6831.5,6831.5,6827.25,6827.5,0,0,-5656
1770983100,6827.75,6828.25,6824.5,6825.75,0,0,-6280
1770983160,6825.75,6829.25,6825.75,6828.25,0,0,-5997
1770983220,6828.5,6830,6827.75,6828.5,0,0,-5725
1770983280,6828.5,6828.75,6825.75,6826,0,0,-5936
1770983340,6826.25,6828,6825.5,6828,0,0,-5499
1770983400,6827.75,6828.25,6826,6827.25,0,0,-5771
1770983460,6827,6829.5,6826.5,6829.25,0,0,-5516
1770983520,6829.5,6831,6828,6830,0,0,-5288
1770983580,6829.75,6832.25,6829.25,6832,0,0,-5104
1770983640,6831.75,6833.75,6830.75,6833.75,0,0,-4588
1770983700,6833.75,6836.25,6833.75,6835.75,0,0,-4185
1770983760,6835.5,6835.5,6833.75,6834.5,0,0,-4381
1770983820,6834.25,6836,6833.75,6834.25,0,0,-4769
1770983880,6834.5,6836.5,6834.5,6835.75,0,0,-4526
1770983940,6835.5,6837.5,6834.75,6837,0,0,-4221
1770984000,6837,6842.75,6836.5,6840.25,0,0,-1932
1770984060,6840.5,6840.5,6836.5,6836.5,0,0,-2487
1770984120,6836.5,6837,6833.75,6834,0,0,-2895
1770984180,6834.25,6836.75,6834.25,6835.25,0,0,-2635
1770984240,6835.25,6835.25,6833.75,6834.5,0,0,-3047
1770984300,6834.75,6834.75,6831,6832.25,0,0,-3453
1770984360,6832.25,6833.25,6831.25,6831.75,0,0,-3759
1770984420,6832,6834,6831,6832.5,0,0,-3365
1770984480,6832.25,6833.5,6831.25,6831.25,0,0,-3620
1770984540,6831.25,6832.5,6830.5,6831.25,0,0,-3997
1770984600,6831,6831,6828.75,6830.5,0,0,-4252
1770984660,6830.25,6831.25,6828.5,6828.75,0,0,-4428
1770984720,6828.75,6831.75,6828.75,6831.25,0,0,-4137
1770984780,6831.25,6833.5,6831,6833,0,0,-3746
1770984840,6832.75,6834.25,6830,6830.25,0,0,-4049
1770984900,6830,6830.75,6828.5,6829.25,0,0,-4455
1770984960,6829,6830,6827.75,6828.25,0,0,-4789
1770985020,6828.25,6832.25,6828,6831.75,0,0,-4473
1770985080,6831.75,6833.75,6831.25,6833.75,0,0,-4184
1770985140,6834,6834.5,6832.25,6832.5,0,0,-4568
1770985200,6832.5,6834.75,6831.5,6834,0,0,-4240
1770985260,6834.25,6836.5,6832.75,6836.25,0,0,-3765
1770985320,6836.5,6837.75,6834.75,6837,0,0,-3088
1770985380,6837,6837.25,6835.25,6836.5,0,0,-3347
1770985440,6836.5,6837,6834.75,6836,0,0,-3650
1770985500,6836,6838.75,6836,6838.25,0,0,-3426
1770985560,6838,6838.75,6837.5,6838,0,0,-3734
1770985620,6838,6838.5,6836.75,6836.75,0,0,-3859
1770985680,6837,6837.75,6834.75,6835.25,0,0,-4260
1770985740,6835.25,6836.5,6835.25,6835.75,0,0,-3995
1770985800,6835.75,6836.25,6834.75,6835.5,0,0,-4202
1770985860,6835.5,6840.25,6835.5,6839.75,0,0,-3629
1770985920,6839.75,6840.5,6838,6839.75,0,0,-3124
1770985980,6840,6841,6839.5,6839.75,0,0,-3492
1770986040,6839.75,6839.75,6837.5,6838.25,0,0,-3752
1770986100,6838.25,6839.5,6838.25,6838.75,0,0,-3610
1770986160,6839,6839,6835.75,6836.5,0,0,-3828
1770986220,6836.5,6839.25,6836.5,6838,0,0,-3540
1770986280,6838.25,6838.5,6837.5,6838.25,0,0,-3325
1770986340,6838.25,6838.25,6835.75,6837.25,0,0,-3549
1770986400,6837.25,6838.5,6837,6837.5,0,0,-3356
1770986460,6837.25,6839,6836.75,6838.5,0,0,-3065
1770986520,6838.5,6839.5,6837.5,6838.25,0,0,-3396
1770986580,6838.5,6839,6837.75,6838.25,0,0,-3707
1770986640,6838.25,6839.25,6838,6838.5,0,0,-3516
1770986700,6838.5,6838.75,6837,6837.5,0,0,-3709
1770986760,6837.5,6837.75,6835.25,6835.25,0,0,-3974
1770986820,6835.25,6836.5,6834.25,6835.25,0,0,-4306
1770986880,6834.75,6835,6833.5,6834.5,0,0,-4749
1770986940,6834.25,6834.75,6833.5,6834.25,0,0,-5186
1770987000,6834.25,6837.5,6834,6835,0,0,-4686
1770987060,6835,6835.75,6834,6835.5,0,0,-4038
1770987120,6835.75,6837.75,6835.25,6837.5,0,0,-3573
1770987180,6837.25,6840,6837,6840,0,0,-3276
1770987240,6840.25,6841,6839.5,6840.25,0,0,-2862
1770987300,6840.5,6842,6840.5,6841.75,0,0,-2467
1770987360,6841.75,6843.5,6839,6840.25,0,0,-3597
1770987420,6840.25,6841.25,6839.5,6840.75,0,0,-3136
1770987480,6840.75,6840.75,6829.25,6833,0,0,-7104
1770987540,6833,6836,6832.5,6835.5,0,0,-6324
1770987600,6835.25,6836.25,6833.75,6835.25,0,0,-7141
1770987660,6835.25,6837.75,6834.75,6837,0,0,-6671
1770987720,6836.75,6839.75,6836.75,6839,0,0,-6221
1770987780,6838.75,6840.5,6838,6839,0,0,-5829
1770987840,6839.25,6840,6838,6839.75,0,0,-5568
1770987900,6839.5,6840.25,6838.5,6840,0,0,-4770
1770987960,6839.75,6840.25,6837,6838,0,0,-5396
1770988020,6838,6838.25,6831.25,6832.5,0,0,-7144
1770988080,6832.25,6832.5,6826,6827.75,0,0,-9771
1770988140,6827.75,6829.25,6825.5,6826,0,0,-10572
1770988200,6825.5,6828.75,6824.75,6828,0,0,-9909
1770988260,6828,6828.75,6824.75,6825,0,0,-10768
1770988320,6825.25,6826.5,6825,6825.75,0,0,-10215
1770988380,6825.75,6827.75,6822.75,6822.75,0,0,-11239
1770988440,6822.75,6823.75,6822.25,6823.25,0,0,-10687
1770988500,6823.25,6824.25,6821.25,6823.25,0,0,-9951
1770988560,6823.25,6826,6823.25,6824,0,0,-9276
1770988620,6824,6830.5,6823.75,6830.25,0,0,-7371
1770988680,6830.5,6831.75,6828.75,6829.5,0,0,-8291
1770988740,6829.25,6832.75,6829.25,6831.5,0,0,-7668
1770988800,6831.75,6832,6828.25,6828.75,0,0,-8391
1770988860,6828.75,6831,6828.25,6828.25,0,0,-8762
1770988920,6828.25,6833.5,6828,6833.25,0,0,-7998
1770988980,6833.25,6836.75,6831.25,6836.5,0,0,-6610
1770989040,6836.75,6839,6834.5,6835.75,0,0,-7779
1770989100,6835.75,6839,6835.75,6838.25,0,0,-6846
1770989160,6838.25,6841.25,6838,6841.25,0,0,-6009
1770989220,6841.25,6843.5,6837.75,6838.75,0,0,-6880
1770989280,6838.5,6839.25,6835.75,6837.5,0,0,-8375
1770989340,6837.25,6846.5,6835.75,6839,0,0,-7590
1770989400,6838.5,6865,6838,6860,0,0,666
1770989460,6860.25,6861.25,6853.25,6856.25,0,0,-3571
1770989520,6856.25,6856.75,6842,6846.25,0,0,-9283
1770989580,6846.5,6855.5,6845.5,6854,0,0,-5904
1770989640,6854.25,6858.25,6852.25,6856,0,0,-4230
1770989700,6856,6856.25,6850.25,6853,0,0,-6614
1770989760,6852.75,6852.75,6846.5,6848.25,0,0,-8860
1770989820,6847.75,6850.25,6846,6849,0,0,-7019
1770989880,6848.75,6852,6848.25,6850,0,0,-5915
1770989940,6849.5,6854,6849.25,6852.5,0,0,-4855
1770990000,6852.25,6852.75,6849.25,6850.75,0,0,-6244
1770990060,6850.75,6857.5,6850.5,6855.5,0,0,-4479
1770990120,6855.5,6858,6854.25,6856,0,0,-2818
1770990180,6856.25,6858.25,6856,6857.5,0,0,-1971
1770990240,6857.25,6857.75,6851.5,6852.75,0,0,-2782
1770990300,6852.5,6852.5,6848,6849,0,0,-4232
1770990360,6849.25,6850,6842.5,6847.5,0,0,-7577
1770990420,6847.5,6849.25,6845,6845.75,0,0,-9820
1770990480,6845.75,6849.5,6845.5,6847.25,0,0,-8442
1770990540,6847.5,6855,6847,6854.75,0,0,-6183
1770990600,6854.75,6855.75,6852.75,6853.5,0,0,-7357
1770990660,6853.5,6854.5,6852.5,6853.25,0,0,-7845
1770990720,6853.25,6855.5,6851.5,6854.75,0,0,-7239
1770990780,6854.5,6856.5,6853.75,6855.25,0,0,-6338
1770990840,6855.25,6856.5,6854.5,6856,0,0,-5808
1770990900,6856.25,6860.5,6856.25,6859.75,0,0,-4324
1770990960,6860,6860.5,6856.75,6857,0,0,-5184
1770991020,6857.25,6860.25,6856.75,6857.25,0,0,-4322
1770991080,6857.25,6858.5,6850.5,6856.5,0,0,-6786
1770991140,6856.75,6857.25,6854.75,6855,0,0,-7649
1770991200,6854.75,6859.5,6854.5,6857.25,0,0,-5919
1770991260,6857.25,6861,6857,6860.25,0,0,-4770
1770991320,6860.25,6861.25,6858.75,6861.25,0,0,-3905
1770991380,6861.25,6862.25,6859.5,6859.75,0,0,-4954
1770991440,6860,6860,6856.25,6856.25,0,0,-5875
1770991500,6856.25,6856.75,6854,6854.75,0,0,-7074
1770991560,6854.5,6854.5,6851.75,6853.75,0,0,-8104
1770991620,6853.25,6853.25,6848.5,6849.25,0,0,-9338
1770991680,6849.25,6850.25,6847.25,6847.75,0,0,-10549
1770991740,6848,6848,6845.5,6845.5,0,0,-11608
1770991800,6845.75,6848.5,6844.75,6848,0,0,-10388
1770991860,6848,6850.75,6847.25,6849.75,0,0,-9347
1770991920,6849.75,6849.75,6848,6849.25,0,0,-9938
1770991980,6849.25,6850.75,6848.5,6850,0,0,-9577
1770992040,6850.25,6851.75,6847.25,6849.25,0,0,-11165
1770992100,6849.25,6851.5,6848.75,6851.5,0,0,-10549
1770992160,6851.75,6851.75,6847,6849,0,0,-12029
1770992220,6849,6849.5,6847.75,6848.75,0,0,-12652
1770992280,6848.5,6850.5,6848,6849.5,0,0,-12055
1770992340,6849.5,6849.5,6845.5,6847.25,0,0,-13513
1770992400,6847,6848.25,6846.5,6847.75,0,0,-12695
1770992460,6847.75,6848.75,6846.75,6847.25,0,0,-13357
1770992520,6847.5,6848.5,6845.5,6848.25,0,0,-12485
1770992580,6848.5,6848.5,6845.75,6846.25,0,0,-12872
1770992640,6846.25,6847.75,6845.5,6846.75,0,0,-12281
1770992700,6846.75,6848.75,6846.25,6848.25,0,0,-11503
1770992760,6848.25,6848.75,6847.25,6848.5,0,0,-10856
1770992820,6848.5,6850.5,6847.5,6849,0,0,-9732
1770992880,6848.75,6852.25,6848.5,6852.25,0,0,-8525
1770992940,6852.25,6854.5,6849.5,6851.5,0,0,-11639
1770993000,6851.5,6852.75,6843,6852,1,0,4123
1770993060,6852,6857.5,6846.5,6855.25,0,0,14539
1770993120,6855.25,6859.75,6851.75,6855.5,0,0,24828
1770993180,6855.75,6857.25,6847,6848.25,0,0,15256
1770993240,6848.25,6855,6845.75,6846.5,0,0,7075
1770993300,6846.5,6847,6838,6845.25,0,0,-4391
1770993360,6845.25,6847.25,6840.5,6843.75,0,0,-12340
1770993420,6843.5,6845.5,6834.5,6834.75,0,0,-18944
1770993480,6834.75,6842,6834.5,6841.25,0,0,-12446
1770993540,6841,6841.75,6832,6832.75,0,0,-18590
1770993600,6832.75,6833.75,6821.5,6821.75,0,0,-31441
1770993660,6822,6827.25,6814.75,6816.25,0,0,-43312
1770993720,6816.25,6817.25,6808.75,6816.5,0,0,-32449
1770993780,6816.5,6833.5,6816.5,6832,0,0,-20758
1770993840,6831.75,6839.75,6827.5,6839,0,0,-10031
1770993900,6839,6855.5,6838.5,6855.25,0,0,1420
1770993960,6855.25,6859,6850.5,6856.75,0,0,13079
1770994020,6856.5,6858.75,6849.75,6857.25,0,0,23308
1770994080,6857.25,6862.75,6856.25,6856.75,0,0,11180
1770994140,6857,6858.75,6847.5,6848.5,0,0,2712
1770994200,6848.75,6849.25,6833.25,6837.75,0,0,-12629
1770994260,6837.75,6844,6834,6842.5,0,0,-3159
1770994320,6842.5,6844,6831.75,6838.25,0,0,-10911
1770994380,6838.5,6849.75,6838.25,6841,0,0,-2724
1770994440,6841.25,6848.75,6839,6839.25,0,0,-10063
1770994500,6839,6855,6839,6853,0,0,-2561
1770994560,6853,6855.25,6832.75,6832.75,0,0,-9567
1770994620,6832.75,6837.5,6830.5,6831.25,0,0,-14781
1770994680,6831,6837.75,6830.75,6834,0,0,-9692
1770994740,6834,6835.5,6830,6833.5,0,0,-17085
1770994800,6833.25,6845,6832.75,6844,0,0,-7751
1770994860,6843.75,6847.75,6837.25,6843.75,0,0,-14750
1770994920,6843.5,6849.25,6842.75,6848,0,0,-9339
1770994980,6847.75,6851,6838.75,6839.75,0,0,-15252
1770995040,6839.5,6847.25,6838.75,6844.25,0,0,-10053
1770995100,6844.25,6844.75,6834.75,6837,0,0,-15849
1770995160,6836.75,6848,6835.75,6847.75,0,0,-11157
1770995220,6848,6848.25,6839,6845,0,0,-15103
1770995280,6845,6856.25,6844,6855.75,0,0,-8835
1770995340,6855.75,6859.75,6851,6859,0,0,1932
1770995400,6859.25,6861,6853,6860.75,0,0,11904
1770995460,6860.5,6864,6859.5,6862.25,0,0,18105
1770995520,6862.25,6863.25,6855.25,6856,0,0,11861
1770995580,6856,6861.5,6856,6858.25,0,0,17131
1770995640,6858.25,6860.25,6847,6847.75,0,0,10595
1770995700,6847.75,6856.25,6846.5,6853.75,0,0,18934
1770995760,6853.75,6857.75,6840,6840,0,0,10483
1770995820,6839.75,6844.75,6839.5,6843,0,0,16112
1770995880,6842.75,6848.5,6840.75,6847.75,0,0,21882
1770995940,6847.75,6848.5,6842.75,6844.75,0,0,16870
1770996000,6844.75,6856.5,6843,6854.5,0,0,23700
1770996060,6854.25,6854.75,6842,6844.75,0,0,18489
1770996120,6844.75,6849.25,6839,6841,0,0,12703
1770996180,6840.75,6848.25,6840,6846.75,0,0,16662
1770996240,6846.75,6850.25,6843.25,6847,0,0,20411
1770996300,6847,6854,6846.25,6852.5,0,0,24369
1770996360,6852.5,6857.5,6851,6856.5,0,0,28489
1770996420,6856.5,6862.75,6853.75,6862,0,0,32684
1770996480,6862,6867.25,6858.75,6867.25,0,0,40413
1770996540,6867.5,6869,6862.75,6864.25,0,0,35747
1770996600,6864.25,6873.75,6863.5,6873.5,0,0,41945
1770996660,6873.75,6874,6868.5,6869.25,0,0,37325
1770996720,6869.25,6875,6868.75,6874.5,0,0,41112
1770996780,6874.5,6880,6874.5,6879.25,0,0,47114
1770996840,6879,6879.5,6875.5,6875.75,0,0,43527
1770996900,6876,6879.5,6873,6879,0,0,47982
1770996960,6879,6880.75,6876.5,6880.25,0,0,52097
1770997020,6880.5,6880.5,6876.25,6877.5,0,0,48742
1770997080,6877.5,6877.75,6865,6865.5,0,0,43205
1770997140,6865.25,6869,6862.5,6863.75,0,0,38076
1770997200,6863.25,6863.5,6859.25,6861.75,0,0,33156
1770997260,6861.75,6865,6860.25,6862.5,0,0,36664
1770997320,6862.5,6866.5,6859,6859.75,0,0,32573
1770997380,6859.75,6863,6855.5,6856.25,0,0,28440
1770997440,6856.25,6858.5,6850,6851.25,0,0,23559
1770997500,6851.25,6855.25,6850.5,6854.25,0,0,27977
1770997560,6854.25,6857.75,6844,6845.5,0,0,21120
1770997620,6845.25,6848,6842.5,6846.25,0,0,26244
1770997680,6846.25,6849.5,6845,6845.25,0,0,22932
1770997740,6845.25,6846.75,6842.5,6846.5,0,0,25949
1770997800,6846.75,6852,6845.75,6851.5,0,0,29978
1770997860,6851.25,6861.75,6850.25,6860,0,0,35048
1770997920,6860.25,6863,6855.75,6857.5,0,0,31381
1770997980,6857.25,6862.5,6856.75,6860,0,0,34211
1770998040,6860,6863,6859.5,6860.75,0,0,36434
1770998100,6861,6867,6860,6865.25,0,0,40624
1770998160,6865.5,6866,6857.25,6858.25,0,0,37233
1770998220,6858.25,6864.5,6858.25,6861.5,0,0,40470
1770998280,6861.75,6864,6861.25,6862.25,0,0,42036
1770998340,6862.25,6862.75,6858,6860,0,0,39280
1770998400,6860.25,6864.75,6859.5,6863.5,0,0,42252
1770998460,6863.25,6866.75,6860.75,6866.5,0,0,44845
1770998520,6866.5,6868.5,6863.25,6863.75,0,0,41946
1770998580,6864,6867.75,6862.5,6867.25,0,0,43912
1770998640,6867.25,6869.5,6864.5,6869.25,0,0,46210
1770998700,6869,6872.25,6868,6872.25,0,0,49059
1770998760,6872.25,6876.5,6870.75,6875.25,0,0,53533
1770998820,6875.5,6876,6870.75,6872.5,0,0,50145
1770998880,6872.75,6876.5,6871.75,6876.25,0,0,53610
1770998940,6876.25,6877,6873,6874.75,0,0,50520
1770999000,6874.75,6875,6866.5,6867.75,0,0,44840
1770999060,6867.75,6869.25,6865.5,6868.25,0,0,47841
1770999120,6868.25,6871.25,6861.5,6863,0,0,43871
1770999180,6863.25,6866,6862,6865.5,0,0,46675
1770999240,6865.5,6870,6864.75,6869,0,0,49134
1770999300,6869.25,6870.25,6867.25,6868.75,0,0,46672
1770999360,6869,6872.75,6867.75,6868.5,0,0,43859
1770999420,6868.5,6876.5,6867.5,6873.5,0,0,48148
1770999480,6873.5,6874.25,6870.5,6871,0,0,45579
1770999540,6871,6871,6865.5,6866,0,0,43664
1770999600,6866.25,6869.25,6860,6860.75,0,0,39969
1770999660,6860.5,6861.75,6858.5,6861.25,0,0,43343
1770999720,6861.25,6862.25,6859.5,6859.75,0,0,41382
1770999780,6860,6862,6852.75,6853,0,0,37474
1770999840,6853,6859,6853,6858.5,0,0,39989
1770999900,6858.25,6860.75,6856.75,6860.25,0,0,43164
1770999960,6860.5,6866.5,6858.25,6865.75,0,0,46485
1771000020,6865.75,6872.75,6863.75,6872.75,0,0,50371
1771000080,6873,6874.75,6870.25,6872.5,0,0,46312
1771000140,6872.25,6873.5,6868.75,6873,0,0,49418
1771000200,6873,6874.25,6870.5,6873,0,0,52351
1771000260,6873,6874,6863.25,6873.25,0,0,57625
1771000320,6873.5,6875.5,6871.25,6875.25,0,0,61047
1771000380,6875.25,6877.25,6873,6876,0,0,65036
1771000440,6876,6876.5,6870,6873.5,0,0,62209
1771000500,6873.5,6874.25,6872,6872.75,0,0,59490
1771000560,6872.75,6876.5,6872.25,6876,0,0,61776
1771000620,6876.25,6877.5,6868,6868.25,0,0,59324
1771000680,6868,6876,6867.75,6875.75,0,0,61594
1771000740,6875.75,6879.75,6875.25,6879.5,0,0,64579
1771000800,6879.25,6880.25,6875.25,6879.75,0,0,67735
1771000860,6879.5,6880,6876,6879,0,0,65680
1771000920,6879,6879,6875.25,6877.5,0,0,63668
1771000980,6877.25,6881.25,6874.25,6879.5,0,0,66081
1771001040,6879.25,6881,6879,6880.5,0,0,67676
1771001100,6880.5,6883.75,6880,6882.75,0,0,70709
1771001160,6882.75,6885.25,6882,6883.25,0,0,73282
1771001220,6883,6884.75,6881,6884.75,0,0,75337
1771001280,6884.75,6884.75,6877.75,6878.5,0,0,72478
1771001340,6878.5,6880.75,6877.75,6879,0,0,74339
1771001400,6879.25,6883,6877,6882.75,0,0,76836
1771001460,6883,6885,6879.5,6884.75,0,0,79203
1771001520,6884.75,6885,6880.25,6880.75,0,0,77093
1771001580,6881,6883.75,6880.5,6882.5,0,0,79071
1771001640,6882.5,6885,6881.75,6885,0,0,80278
1771001700,6885,6886.25,6883.75,6884.25,0,0,78455
1771001760,6884.5,6890.25,6884.5,6888.25,0,0,83683
1771001820,6888.5,6889,6886.25,6887.25,0,0,81263
1771001880,6887.5,6888.75,6885.75,6886,0,0,79214
1771001940,6886,6887,6882.25,6882.5,0,0,76811
1771002000,6882.5,6883.25,6879.75,6882,0,0,74004
1771002060,6882,6887.25,6882,6887.25,0,0,76024
1771002120,6887,6887.5,6884.5,6886.5,0,0,74060
1771002180,6886.5,6888.75,6884.75,6888.5,0,0,75543
1771002240,6888.5,6889.5,6887.5,6887.75,0,0,74079
1771002300,6888,6890.25,6887.5,6890.25,0,0,75601
1771002360,6890,6891.5,6888.25,6890,0,0,73754
1771002420,6890.25,6891.75,6885.25,6887.5,0,0,71653
1771002480,6887.75,6889.5,6886.25,6886.75,0,0,70108
1771002540,6887,6888.25,6886.75,6886.75,0,0,69035
1771002600,6887,6889.75,6886.75,6887.75,0,0,70442
1771002660,6888,6889.75,6887.75,6888,0,0,71391
1771002720,6888.25,6890,6886.75,6889.5,0,0,72923
1771002780,6889.75,6892.5,6889.5,6892.5,0,0,75573
1771002840,6892.25,6895.25,6891.5,6894.5,0,0,78836
1771002900,6894.5,6895.25,6891.25,6891.75,0,0,76815
1771002960,6891.5,6892,6888.75,6890.25,0,0,74356
1771003020,6890,6891.25,6886.25,6887.75,0,0,72342
1771003080,6887.75,6887.75,6883,6885,0,0,69785
1771003140,6885.25,6886.5,6884.5,6885.5,0,0,71406
1771003200,6885.5,6890.5,6884.75,6890.25,0,0,73868
1771003260,6890.25,6894.75,6889.5,6892.5,0,0,76268
1771003320,6892.75,6894.25,6892,6894.25,0,0,77538
1771003380,6894.25,6895,6892.5,6893,0,0,76034
1771003440,6893,6894.25,6891.75,6892.5,0,0,74487
1771003500,6892.75,6893.25,6888,6892,0,0,71843
1771003560,6892,6892.25,6887.5,6889,0,0,70437
1771003620,6889.25,6891.25,6888.75,6889.75,0,0,72067
1771003680,6890,6892.25,6888.5,6891.5,0,0,73859
1771003740,6891.5,6893,6888.25,6888.5,0,0,72707
1771003800,6888.75,6891.5,6887.75,6890.75,0,0,75055
1771003860,6890.75,6895.75,6890.5,6895.75,0,0,77524
1771003920,6895.5,6895.75,6893,6893,0,0,75871
1771003980,6893,6894.75,6892.5,6894,0,0,77261
1771004040,6894.25,6895.25,6892.5,6893.25,0,0,75789
1771004100,6893.5,6895.5,6892.25,6895.5,0,0,77354
1771004160,6895.5,6895.75,6893.5,6894.25,0,0,75821
1771004220,6894.25,6895,6892.75,6893.25,0,0,74555
1771004280,6893.25,6894,6890.75,6892.25,0,0,72767
1771004340,6892.25,6895,6891.5,6894.75,0,0,73830
1771004400,6894.75,6895.75,6893.5,6895,0,0,74988
1771004460,6895,6897.5,6894.5,6897,0,0,76840
1771004520,6897,6897.75,6894.5,6895.25,0,0,74991
1771004580,6895.25,6895.5,6893.5,6894.75,0,0,73835
1771004640,6894.75,6895,6892,6892,0,0,72123
1771004700,6891.75,6892.75,6889.75,6891,0,0,69151
1771004760,6891.25,6894.75,6891,6893.25,0,0,70914
1771004820,6893.5,6894,6889.75,6890.25,0,0,69631
1771004880,6890.5,6893.75,6889.5,6893.5,0,0,71617
1771004940,6893.5,6895.75,6892.5,6895,0,0,73380
1771005000,6894.75,6895,6892.25,6894.25,0,0,72254
1771005060,6894.25,6895,6890.75,6892,0,0,70788
1771005120,6892,6894.25,6891.75,6893.25,0,0,71981
1771005180,6893.25,6893.25,6890.5,6890.75,0,0,70872
1771005240,6891,6891.25,6888.25,6890.25,0,0,69498
1771005300,6890.25,6891.5,6887.25,6887.5,0,0,67707
1771005360,6887.5,6889.5,6885,6889,0,0,70618
1771005420,6889.25,6889.25,6886,6886.75,0,0,69146
1771005480,6886.75,6888,6885.5,6886.5,0,0,67633
1771005540,6886.75,6887.5,6883.75,6886.25,0,0,65727
1771005600,6886.25,6888.75,6886,6887,0,0,67915
1771005660,6886.75,6886.75,6881,6881,0,0,64996
1771005720,6881,6884,6880.25,6881.25,0,0,68533
1771005780,6881.5,6882.75,6878.5,6882,0,0,71665
1771005840,6882.25,6882.5,6878.75,6879.5,0,0,69991
1771005900,6879.5,6880.75,6875.5,6878.25,0,0,67224
1771005960,6878.25,6882.25,6878.25,6879.75,0,0,69322
1771006020,6879.75,6883.25,6879.25,6880.25,0,0,71518
1771006080,6880.25,6884,6880.25,6883,0,0,73260
1771006140,6883,6884.5,6882,6882.25,0,0,71632
1771006200,6882.25,6887.5,6882,6887.25,0,0,73854
1771006260,6887.25,6889.5,6886,6889.5,0,0,75937
1771006320,6889.5,6889.75,6886.5,6887.5,0,0,74043
1771006380,6887.5,6888.75,6885,6887.75,0,0,75733
1771006440,6887.75,6889,6887,6887.75,0,0,76923
1771006500,6887.5,6890.25,6884.75,6890.25,0,0,78633
1771006560,6890,6892,6887.75,6892,0,0,80123
1771006620,6892,6892.25,6890.5,6891.75,0,0,78649
1771006680,6891.75,6893.25,6891,6892.5,0,0,79887
1771006740,6892.25,6892.75,6885.75,6888.5,0,0,77476
1771006800,6888.25,6892.5,6888.25,6891.75,0,0,78741
1771006860,6892,6892.25,6889.5,6892.25,0,0,80057
1771006920,6892.25,6895.5,6891.25,6895.5,0,0,81439
1771006980,6895.5,6897.75,6895.5,6897.25,0,0,83302
1771007040,6897.25,6897.25,6893.25,6894.25,0,0,81915
1771007100,6894.25,6894.25,6889.25,6890,0,0,80203
1771007160,6889.75,6890.25,6887.25,6889.75,0,0,78896
1771007220,6889.5,6890.25,6888.5,6889.25,0,0,78038
1771007280,6889.25,6894,6889.25,6894,0,0,79304
1771007340,6893.75,6896.75,6884.5,6889,0,0,72856
1771007400,6889,6890.25,6886,6889,0,0,69530
1771007460,6888.75,6892.25,6888.5,6892,0,0,70947
1771007520,6892,6892,6889.5,6891.25,0,0,69997
1771007580,6891,6893.75,6890.5,6893.5,0,0,71097
1771007640,6893.75,6894.25,6892.5,6893.25,0,0,69808
1771007700,6893,6894.5,6891.75,6894.25,0,0,70953
1771007760,6894.5,6895.75,6893.25,6894.25,0,0,69936
1771007820,6894,6894,6890.25,6891.25,0,0,68603
1771007880,6891,6892.5,6887.75,6892.5,0,0,69803
1771007940,6892.25,6893.75,6891.75,6892.75,0,0,70815
1771008000,6892.75,6893.5,6888.75,6889.5,0,0,69555
1771008060,6889.25,6889.75,6887,6887,0,0,67923
1771008120,6886.75,6887.5,6883.5,6884.75,0,0,66151
1771008180,6885,6886.5,6884,6886.5,0,0,67807
1771008240,6886.25,6886.5,6883.5,6885,0,0,66353
1771008300,6885,6888.75,6884.75,6887.5,0,0,67861
1771008360,6887.75,6891.5,6887,6891,0,0,69294
1771008420,6891,6891,6889.25,6891,0,0,70570
1771008480,6891,6892,6889.5,6890,0,0,69189
1771008540,6890,6890.25,6886.5,6886.75,0,0,67765
1771008600,6886.75,6887,6883.25,6884,0,0,66097
1771008660,6884,6884.75,6882,6882.5,0,0,64019
1771008720,6882.5,6884,6879,6879,0,0,61838
1771008780,6879,6884.75,6879,6884.75,0,0,63961
1771008840,6884.75,6885.25,6883,6883.5,0,0,62840
1771008900,6883.5,6885.25,6882,6884.5,0,0,64156
1771008960,6884.75,6885.25,6882.75,6883,0,0,62485
1771009020,6883.25,6885,6881.75,6882,0,0,61077
1771009080,6882.25,6882.25,6878.5,6879,0,0,59335
1771009140,6878.75,6882.5,6878.75,6881.25,0,0,61511
1771009200,6881.75,6882.75,6879.5,6882.25,0,0,63224
1771009260,6882.25,6884.75,6880.5,6883.5,0,0,64726
1771009320,6883.5,6885.25,6879.75,6881,0,0,62813
1771009380,6880.75,6883.25,6879,6882,0,0,64324
1771009440,6881.75,6882.5,6879.5,6880,0,0,63026
1771009500,6880,6883.5,6879.5,6883.5,0,0,64527
1771009560,6883.5,6884.75,6881.5,6883.25,0,0,63448
1771009620,6883.25,6885.25,6882.75,6883.25,0,0,62217
1771009680,6883.25,6883.5,6881.25,6883.25,0,0,60862
1771009740,6883.25,6886.75,6883.25,6885.5,0,0,62142
1771009800,6885.5,6887.75,6884.5,6885.5,0,0,63602
1771009860,6885.5,6886.25,6883,6884.75,0,0,62277
1771009920,6885,6888.25,6885,6887.75,0,0,63720
1771009980,6887.75,6887.75,6881.5,6883.75,0,0,61631
1771010040,6883.75,6885.5,6883.5,6884.75,0,0,62461
1771010100,6884.75,6885.25,6882.25,6882.75,0,0,61300
1771010160,6882.5,6884.5,6881.75,6883.5,0,0,62448
1771010220,6883.25,6883.75,6880,6883,0,0,60855
1771010280,6883,6886.25,6881.75,6883.75,0,0,62288
1771010340,6883.75,6885.25,6882.75,6885,0,0,63081
1771010400,6885,6886.25,6882.75,6885.5,0,0,64489
1771010460,6885.5,6887,6884.25,6885,0,0,63127
1771010520,6885.25,6886.75,6884,6886.25,0,0,64065
1771010580,6886,6888.25,6886,6886.5,0,0,65468
1771010640,6886.75,6888.5,6886.25,6887.25,0,0,66463
1771010700,6887.5,6888,6886,6887.75,0,0,67459
1771010760,6887.75,6887.75,6881.5,6881.5,0,0,65838
1771010820,6881.75,6882.75,6878.75,6880.25,0,0,63785
1771010880,6880.25,6882,6879.5,6879.75,0,0,62606
1771010940,6879.75,6880.25,6876,6878.5,0,0,59180
1771011000,6878.25,6884.25,6877.25,6882.75,0,0,64019
1771011060,6882.75,6883,6880.25,6880.75,0,0,62340
1771011120,6881,6883,6880.5,6882,0,0,63664
1771011180,6882,6883,6881.5,6882,0,0,64592
1771011240,6882,6882.5,6879.75,6881.75,0,0,63471
1771011300,6881.75,6882.75,6880.25,6880.5,0,0,62232
1771011360,6880.75,6882.5,6879.25,6880,0,0,61146
1771011420,6880,6881.25,6878.75,6880,0,0,59951
1771011480,6879.75,6880.5,6876.5,6876.75,0,0,58775
1771011540,6876.75,6877,6872.5,6875.75,0,0,55474
1771011600,6875.5,6877.5,6873.75,6875.75,0,0,57335
1771011660,6875.75,6876,6867.75,6869,0,0,54567
1771011720,6868.75,6872.25,6868,6871.25,0,0,58062
1771011780,6871.5,6871.5,6868,6868.5,0,0,56001
1771011840,6868.75,6872,6868.25,6871.25,0,0,58413
1771011900,6871.5,6877.25,6869.25,6877.25,0,0,61628
1771011960,6877.25,6877.25,6875,6875.5,0,0,59891
1771012020,6875.5,6876.5,6872.75,6872.75,0,0,58285
1771012080,6872.5,6873.75,6871,6871.25,0,0,56767
1771012140,6871.25,6874,6871.25,6872.75,0,0,58209
1771012200,6873,6874.5,6870.25,6872.25,0,0,56172
1771012260,6872,6872.75,6868.75,6869.25,0,0,54461
1771012320,6869.25,6870,6866.75,6869.25,0,0,51762
1771012380,6869.25,6869.25,6866.25,6866.25,0,0,49843
1771012440,6866.25,6868,6865.75,6867.5,0,0,51786
1771012500,6867.5,6869.75,6866.75,6868.5,0,0,54197
1771012560,6868.5,6870.5,6866.75,6866.75,0,0,52683
1771012620,6867,6868.25,6865,6865.5,0,0,51183
1771012680,6865.5,6866.5,6858.75,6860,0,0,45527
1771012740,6860,6860.5,6856.75,6858.75,0,0,41213
1771012800,6858.75,6862.75,6858.5,6862.25,0,0,45593
1771012860,6862.25,6866.5,6861.25,6866,0,0,48919
1771012920,6866,6867,6863.5,6864.5,0,0,46296
1771012980,6864.5,6864.75,6862.75,6864.75,0,0,47957
1771013040,6864.75,6867.75,6864.75,6866,0,0,49740
1771013100,6866,6867.5,6865.25,6867,0,0,50931
1771013160,6867,6867.25,6864.5,6867,0,0,52258
1771013220,6867.25,6867.5,6865.5,6866,0,0,51037
1771013280,6866,6866.5,6861.5,6862.25,0,0,49421
1771013340,6862.25,6866.25,6861.75,6866,0,0,51081
1771013400,6866,6866.25,6863,6864,0,0,49464
1771013460,6864,6865.75,6862.25,6865,0,0,50742
1771013520,6865.25,6865.5,6860.5,6860.5,0,0,48690
1771013580,6860.5,6861,6857.75,6858.5,0,0,46659
1771013640,6858.5,6858.75,6855.75,6856,0,0,44216
1771013700,6856,6859.75,6855.25,6856.25,0,0,47570
1771013760,6856,6859,6855.75,6857,0,0,49017
1771013820,6856.75,6857.25,6853.75,6855.25,0,0,46540
1771013880,6855.25,6856.75,6853,6856.5,,,48928